,HEBT2:XCB2:CUR,HEBT2:YCB2:CUR,HEBT2:XCB4:CUR,HEBT2:YCB4:CUR,HEBT2:Q5:CUR,HEBT2:Q6:CUR,HEBT2:XCB6:CUR,HEBT2:YCB6:CUR,HEBT2:Q7:CUR,HEBT2:Q8:CUR
0,0.4519554590588756,0.49503606823288593,0.10284478126543037,0.4324876004428067,0.19134481847261697,0.3550571708743776,0.47748268800798305,0.5699692926312357,0.3344338076831249,0.3344338076856737
1,0.49556592426997637,0.5277322105148441,0.08300597934664487,0.4456039268924131,0.2646962322979129,0.36287746167458124,0.5218010274654167,0.5922494367689333,0.33416001500509207,0.33416001499149733
2,0.4076900914666587,0.3836842984232872,0.16043366720845956,0.4164887777280601,0.20689727930513946,0.351524834352444,0.4292026790169337,0.4450107252321803,0.33443063139891716,0.3344306033799965
3,0.40846062508074243,0.407607305464034,0.09529239304889055,0.1338949847466581,0.4245995536089642,0.3497396131369238,0.41968969561596364,0.43178713936275914,0.3344377628803418,0.33443774477299426
4,0.37731335218669826,0.3632523173217296,0.14528818164187038,0.13457375827795173,0.15717263928541975,0.34644587001459215,0.3929273207848258,0.40392728404319406,0.33443249646454265,0.3344324897642139
5,0.11733133138717634,0.3276933417198302,0.22311635702741553,0.15742035724568468,0.17889668560967092,0.34260815075159173,0.36957415196529253,0.37468004461260634,0.3344415067885602,0.3344415078902965
6,0.12267415306298209,0.3643368545019729,0.2237806575092637,0.14790068691465896,0.16759499144380258,0.34835485728923854,0.39545832743215803,0.4444899414250799,0.33444722284180717,0.33444721504025504
7,0.31370416203194534,0.34877029031673945,0.20062093055293362,0.40887769793182377,0.16968334225235307,0.34738072382250285,0.41148968960892884,0.14200151913713846,0.33444473397536145,0.3344447329359003
8,0.12341011516894376,0.4388452252692352,0.05675694635142722,0.38461670689018024,0.15439206415026369,0.3473207954855773,0.2912612156230856,0.45750265807387946,0.33442223820330585,0.334422223280911
9,0.12334171999537077,0.4453505797785695,0.05593176650996569,0.3870424848024587,0.15070989328520576,0.35081870578634844,0.29367211843980395,0.4694469211379604,0.3344148422906547,0.3344148218627353
10,0.1662439031777687,0.15423748189092246,0.30463827242437647,0.31454675703564866,0.18791253341833722,0.34955470224517826,0.18008121687228223,0.272591070936247,0.33445386377537706,0.3344538702746207
11,0.16970855633485132,0.17213409541080057,0.31577575932798796,0.3394318773191022,0.203108902365974,0.35430722975750856,0.195929155837242,0.30092608774211516,0.33445641205624393,0.3344564138187647
12,0.17493541485376493,0.1695549047599379,0.32320598067256934,0.33728271721075476,0.2062237309601754,0.10246414907062179,0.19948990144954548,0.3003899771744725,0.3343429314822923,0.3343429334209298
13,0.1558740910689357,0.1575370020993233,0.10820758504105821,0.36542680273033473,0.19340540416397836,0.0917288434924013,0.25450221727097433,0.37635135456421465,0.3344314401622358,0.33443143116082974
14,0.22572631802579485,0.1748599086990525,0.30708820472185844,0.3741384929184311,0.20753263847246534,0.10048931260637019,0.1845325618003165,0.18500063004961292,0.3344567309610057,0.33445673733327375
15,0.20139671549124075,0.16306419218259952,0.1291134397854127,0.37703365359042856,0.20345421891674143,0.09837095743235595,0.24083721297820854,0.19123843002311017,0.3344168079636126,0.3344168169561274
16,0.20235453964243097,0.17331138281925376,0.1658210224182757,0.3572147287335701,0.210308637442304,0.10721135230836278,0.21297853181489543,0.20569606530187662,0.33443583540833344,0.33443584920263714
17,0.29006661276824447,0.1462810643353486,0.11542180324514227,0.40417188171763513,0.19107020931963198,0.0935937300904888,0.14662567368341384,0.13961765931247472,0.3344981779509101,0.49343680390304157
18,0.23491270248332338,0.15147226985199844,0.11069391574335515,0.07738310914418686,0.19279219058809477,0.1046971381367547,0.37634062551220937,0.1618570030661546,0.3344385626335994,0.44183911087905586
19,0.24731698862679316,0.13855775441275942,0.09579260712649898,0.0716498302550879,0.18345922803757367,0.10171780866602385,0.3859544224086297,0.14583027188712488,0.33445920208495455,0.45679554866931715
20,0.2620070772278972,0.13168412571033575,0.09177470267256191,0.07049747688935748,0.17709074923069604,0.09988220895101213,0.4433772015446502,0.14030708272021045,0.33460253422595587,0.4780959822338732
21,0.03529566920277384,0.09604212541832963,0.355930755556843,0.079724667887784,0.2858432487663021,0.08989363328163164,0.27797628302052424,0.1385595128098382,0.3345142485902064,0.41442732174375196
22,0.2861859118998565,0.2763016077021863,0.3351856143036958,0.46820148979217735,0.35462342754386755,0.1585967598132832,0.35245422756300676,0.3790572247573884,0.33439462464965986,0.052300033152709716
23,0.03315931149457137,0.09835495027906058,0.3378255494931949,0.0791533626016019,0.30626671938573846,0.08696370498577592,0.23589751622620525,0.1134292615678269,0.33433446896490326,0.4649704684446037
24,0.03467877915515262,0.11000382906672579,0.13635334738738034,0.07895154954647274,0.24876892671716283,0.0865852397434305,0.28568161811830534,0.1212835152127015,0.33458165582726174,0.4735564336723573
25,0.03446023474191424,0.10922898026216357,0.13561063656077016,0.07839938994581797,0.2464694214004246,0.08584771387172864,0.28333980902094014,0.12046971750373561,0.33474416292814857,0.4750895392508354
26,0.034044868918252945,0.1099740208433144,0.13548077537664235,0.07819063798556616,0.2700822769729221,0.08536396879878641,0.27297727692016327,0.12103700989897613,0.3349760214096456,0.4813171574842332
27,0.03498541102101531,0.10686136037454318,0.15170830854974734,0.08242458635491398,0.3096909613876958,0.08007107555744981,0.1679335874040016,0.12536127951129017,0.33425347724079557,0.5397508048022837
28,0.036872406974503745,0.10691054455543789,0.1371610744330547,0.08111200679085766,0.13847263707069887,0.07925621575626825,0.31223516486933484,0.12133885085119636,0.3345102345421635,0.5062018464535346
29,0.0369039867184988,0.11026859120528525,0.13711268506907232,0.08008874483199517,0.1465762042065829,0.08304001943497863,0.31408602566539967,0.12143205190311625,0.33472210889760096,0.5195417385622672
30,0.03708887882041872,0.10908942143611527,0.14494472684172968,0.0800498142759713,0.1444471716513147,0.08768557245842305,0.13883767648289078,0.1277260061571688,0.3343632860943862,0.5143201672145227
31,0.03735049879393098,0.11827360258139138,0.13182431306336884,0.07757420955709086,0.19085093818886473,0.0846376456986559,0.16535267306628368,0.13026708938203102,0.3343191178589549,0.5258641505591329
32,0.037088447390374216,0.11896499125967432,0.1290163682086201,0.07674749681919392,0.18975757704634066,0.085959365257755,0.16153615893318324,0.130525361657521,0.33480149737176845,0.5345252077015723
33,0.03684365693683406,0.12118886154706067,0.12580913018777154,0.07614300375781777,0.18971530951280396,0.08553139939410338,0.15606619251527717,0.135177050734169,0.33402465153286404,0.5509653062025672
34,0.036664164771947214,0.12051149192658508,0.1255242908235211,0.07580299788779375,0.18851157511486,0.08491748470751953,0.155243544636474,0.13445110511306133,0.33435385456072697,0.5530963094217018
35,0.03774450859747877,0.12594816712407403,0.12047465254702125,0.07408109349881488,0.1821686780975067,0.08509908232517933,0.16816137459930053,0.13397866025680852,0.3344595094429724,0.5380029796899777
36,0.036740595493752644,0.12682491913584532,0.12393001736595574,0.07461112983157636,0.1841856703931594,0.08427168452590436,0.16050932366519888,0.13370781674017734,0.3343030343554235,0.5471344585788738
37,0.03440965844020269,0.12726482872612732,0.14931714929274467,0.0724223799521258,0.1696949061457328,0.07987030551009669,0.13794662155698323,0.128277895074661,0.3342585972764054,0.5201407838870485
38,0.030792860940620413,0.1340209699882536,0.21583184259870236,0.06603848050232082,0.14538013088733998,0.07651345208256602,0.1128213559962038,0.12229899202370233,0.3340800472333397,0.49092656710812327
39,0.029325070781460943,0.14674080610187323,0.2276283665099334,0.062462040913263434,0.14195985743148792,0.074798873312958,0.1028881015119899,0.12064969112569247,0.33428763188770927,0.4682341161400161
40,0.02884974580503688,0.1573623635400034,0.21865773443113543,0.06080996315081992,0.1421653525259427,0.08082279793026696,0.09814639729226785,0.12282994253053742,0.33429876349115745,0.4896936175505142
41,0.028942820935253213,0.12755638162545754,0.19801357292506971,0.05370544470668222,0.1459230064852018,0.09070845849914215,0.1054214902428646,0.11488405041663433,0.33471217417987253,0.46273554547529505
42,0.0298014126861827,0.15833823396332342,0.1829369992561566,0.051634512095716505,0.14456450056349782,0.09624173111916923,0.10398452827336921,0.11193619929324528,0.33552839448782323,0.44390846011319257
43,0.030463523709575013,0.11043951069231857,0.1785756060526178,0.05790912520845626,0.13603055435562283,0.08321613656020414,0.10976804460769356,0.11436239995423492,0.3345824639811045,0.4332048066310455
44,0.030535271238691843,0.11051494035437458,0.1764471492047357,0.057603324458454015,0.13595541424835084,0.08249954182725985,0.10922222371969852,0.11350934545036542,0.3334278300066609,0.431366738894844
45,0.030859303474314193,0.10774188157799093,0.1855945468239887,0.061199465441391654,0.14233355051467936,0.07703547236408752,0.11134009892305419,0.12053820112215405,0.3344308780904962,0.36436145459405844
46,0.03157590581091576,0.13277188255999808,0.2365097710766027,0.06921164864744979,0.15952387275331145,0.08282877702052358,0.11966156951199301,0.12978216516834748,0.33381416616585635,0.48050813161475797
47,0.031219398417535283,0.12808820179832528,0.22695210369699412,0.06897829890608734,0.15807884051485963,0.08482393084978407,0.12304948131568506,0.12971493932695388,0.33428173207577133,0.5336696793086201
48,0.03125841228901774,0.12986300975270687,0.2224297852264988,0.0688073960446112,0.15925083500631507,0.08469294556341264,0.12495888403323771,0.12774467595862957,0.3343014087410875,0.5045081903567699
49,0.03150788500652194,0.12378536801072128,0.23516804388709064,0.07520625837674515,0.1641866589355208,0.07714249253494546,0.11899646557792064,0.13921680444732715,0.33428764944662626,0.45696536265950893
50,0.03184325575342626,0.1221044581637319,0.23661066352526403,0.078237677994261,0.16341719462748838,0.07598355613290834,0.11757926225515196,0.14013458965443523,0.3342658830509728,0.4499580968405201
51,0.033715772331786915,0.11748755054736064,0.2497063011498832,0.08124890091045246,0.17718987694278454,0.0761517822903137,0.13665613155552706,0.15530332316785642,0.3343788308749974,0.3835567334801157
52,0.033578590959055875,0.1171814531071704,0.2478684979199592,0.08113907895633085,0.17723566062942891,0.0752246548816172,0.13618618290429965,0.15543047786835812,0.33385796506988813,0.38226181111424656
53,0.03297391173522316,0.11587100820343783,0.2335690894290735,0.0800699184520704,0.1751104555049547,0.07147112646257854,0.1340091472320354,0.16227618264515922,0.33438619354589183,0.36165335562154904
54,0.032720994068006715,0.11467446280791777,0.23509904916551816,0.08006343023024877,0.17494499130493077,0.0710836339457985,0.13442074034272786,0.16239442810510676,0.3340372614475719,0.3565919759819225
55,0.03272012363651155,0.11434896745900502,0.23325344179420912,0.07971879967048022,0.17492682245925573,0.07051672459794883,0.13384641301310066,0.16334970484939879,0.3346717726919367,0.35398881757835976
56,0.03175214665572488,0.10977034360650631,0.2290760337901305,0.07878794232813828,0.1716332959126936,0.07649839527378502,0.13266855525853583,0.16318341623282412,0.33358826951385506,0.3385254781099917
57,0.03151077233835915,0.1087843624591496,0.22649143293181437,0.07835241129451163,0.17102096993896976,0.07525255234087697,0.13111718338790004,0.1626474213240282,0.41757533897672783,0.3345021468077264
58,0.0313178380099402,0.10921387068940998,0.23089855710331147,0.0768860826297533,0.1664405967780087,0.0864097443435084,0.13487083227843927,0.16357711680296694,0.41401845322211844,0.33153250321804373
59,0.031185344702635984,0.10867206776543303,0.22949684915304427,0.07673140215737054,0.1666038958778541,0.08603169095404219,0.13447278999719542,0.16391176685633083,0.41454131854620446,0.32880049052065985
60,0.030497811940254648,0.10366705399352742,0.23734278062719338,0.07904044384039165,0.15823869410993657,0.08363973283456905,0.1286247057862923,0.16306244820096139,0.38666378761414766,0.30315459000904893
61,0.030288638281078147,0.10295606980652737,0.2842422527981605,0.08226141474955263,0.1595560881413958,0.08138266325215268,0.13110321465160563,0.16615781708945948,0.39255688367859826,0.29257022642791597
62,0.03013119542607983,0.10236639929299031,0.2799368281705034,0.08206969753475907,0.15848188509576802,0.080069867927631,0.12966675234659392,0.16639030434347019,0.38951499397878503,0.2886675518328652
63,0.030718588727956977,0.10628059252008366,0.28682220518276275,0.08476288463426888,0.1863034803391802,0.08774194844950743,0.14232949278141618,0.16692583783274656,0.4022607380211337,0.3081504131490007
64,0.0306123873790481,0.10664878968703904,0.28802037861156354,0.08520033013992488,0.18361147630058242,0.08676688439957342,0.1403066918138718,0.16647449307219156,0.40121450874826603,0.30885353216321326
65,0.030299681777250065,0.10678300945548212,0.33926683053982654,0.08757612144301977,0.18788296415434602,0.08747990072540604,0.1397677836085554,0.17782821280180805,0.4075178466266217,0.3071382068315157
66,0.030768664973800795,0.10708196671983494,0.30168030522508194,0.08833674175525177,0.18987619356893504,0.08389331789031183,0.14317419478374244,0.17509830450447803,0.4078716348173078,0.3013923473804964
67,0.029584156244619936,0.10750344126109626,0.34285822007296335,0.09150143309848865,0.18739723245065068,0.08288465218980981,0.11277171391310647,0.17536799051557062,0.3969509198713807,0.2967695360427359
68,0.029405899996674756,0.10902254924489992,0.377241582213572,0.09359732940579342,0.1765242148012497,0.08507436893246932,0.11599388844474626,0.17823976541420194,0.40779140688411225,0.3051523030452273
69,0.028927209755473138,0.10812733178016745,0.4039164195044252,0.0945483535603353,0.1768959280317192,0.08288783567884603,0.11407189839089146,0.1795954542754611,0.4072189449123297,0.2972162066978479
70,0.029259670565940532,0.11280972001471289,0.40460154218084765,0.09095800124703193,0.1761498070725227,0.09962266635665575,0.11691140768979583,0.1731014244756769,0.41676749126277585,0.3134853672407399
71,0.02894902653309335,0.11440117759354815,0.38911939077046087,0.0901836155858545,0.1731689199661246,0.10154167413485249,0.11480281715672805,0.1722175806531202,0.4175102033656875,0.3106400989642003
72,0.02937133165190475,0.1149019067391881,0.41320070151575666,0.09011798884016463,0.1754053395755024,0.10157427888439216,0.1150601720076507,0.17220135313179236,0.41726347530552294,0.3122387558163405
73,0.029400555095361425,0.11512531317595284,0.381619070655747,0.09040620034454924,0.17470169590753,0.1001539973537712,0.11322330575214795,0.1720076624246606,0.414938247189117,0.3156234844508284
74,0.03057402373377734,0.11483362694870541,0.41145507567078704,0.09361567181825053,0.17920919749324463,0.12550906918366808,0.12996924399052212,0.17279516073680704,0.42233113921587906,0.31854349851474284
75,0.030309489118476435,0.11470555309408093,0.41349542473892864,0.09310641565609812,0.17779961293424956,0.12795528664842218,0.12914855018887347,0.17226369943430703,0.41984025384591867,0.31769203555451386
76,0.030129304956866883,0.11402393436877002,0.4031227583957404,0.09772721009843137,0.17671670393149688,0.12895320880746797,0.12816961925273965,0.17263591112961282,0.42157379428743363,0.31838516173520065
77,0.030071053810442717,0.1139192838880977,0.40190882115947063,0.09774141142175104,0.17734238150719409,0.13004575548588376,0.12955361856180217,0.17249320323895823,0.42255005431156983,0.3170673645651108
78,0.02993030539044545,0.11744306437184747,0.4004325680017187,0.0998032783233834,0.1874033390228096,0.1263080851440087,0.12982931266637324,0.1718417798368081,0.42475420458164515,0.314908184885787
79,0.03372829136794363,0.12096740884299081,0.37120977162116947,0.09566919906586326,0.18782296817999622,0.12445516882576711,0.1312811657918827,0.17582870500826606,0.42885831729572244,0.30286671132559184
80,0.033558251567055365,0.12108074748247803,0.37178238330001956,0.09578385633172257,0.1877608852966961,0.12565944030163326,0.13107336428572727,0.17533705864297178,0.42130714907774736,0.30318086737695077
81,0.033220648229374546,0.11549275711171396,0.34877026054029425,0.09016497609608165,0.17577063995251385,0.10608626989596776,0.12456385438422614,0.18464012489019138,0.37372231680251083,0.2988206201833188
82,0.03315292372477951,0.11499574031749604,0.34416854640733185,0.08998711603021384,0.175945190723801,0.10823321784427255,0.1251308502769063,0.1830512351135815,0.3718156435351692,0.2981524742504015
83,0.03343467034624221,0.11665307644331979,0.35130874407250906,0.09065106894416257,0.17878163845121214,0.10865795325502821,0.12551670757820516,0.18143191434116893,0.3733578984142251,0.3007429126469812
84,0.03165152295627856,0.11520915155127603,0.35243411134559116,0.08763430336893657,0.16486205827809763,0.0927564866465182,0.10864974518053264,0.1680227935281454,0.3790391966098573,0.304530647735124
85,0.03153926432132303,0.1150500177265014,0.3481063600730593,0.09009024041903246,0.1671724519484069,0.1023765036431184,0.11285800039784974,0.16996266879576558,0.3772218492638132,0.312508763527183
86,0.031527815543211296,0.1214974677948398,0.35631977095866296,0.09587459281265888,0.17533061707166694,0.10669643601355618,0.11338137603475826,0.17495644002110963,0.38742201618888383,0.3255217967675029
87,0.03463595674251493,0.12879293731310157,0.3658526688297443,0.10386614260562005,0.1918242161295473,0.12043113157475571,0.12988700732791753,0.1843783095341379,0.4037462408203521,0.34062457279114106
88,0.03911520333878798,0.1353444580694803,0.3751545419329724,0.11200852482392064,0.20390663214550636,0.12820421300667253,0.14247317507667903,0.19863772374828045,0.41455482007102046,0.35488661492643714
89,0.04266399490138014,0.14350797326519457,0.4017980444363451,0.11255588527238888,0.21789310354472735,0.1420398468108639,0.15833625903997517,0.20699751353923493,0.43226015637052523,0.3665213324292016
90,0.054220646821309684,0.16656473432213756,0.43614604259629636,0.13789973942318864,0.25373063485526215,0.15580330243596424,0.20473575819242046,0.23948098611571655,0.46838663687919924,0.4043497554263478
91,0.06721720125303628,0.19375057217743197,0.4848812002386355,0.17233617563238057,0.2942717155875483,0.15813419072290427,0.24308064469599433,0.28092094580955085,0.5040775594058553,0.46553083136916307
92,0.05560616205973518,0.20893781189944186,0.5482271056244511,0.178422605848968,0.3311417031961993,0.1153052821421055,0.24984438369202827,0.23317268199917215,0.35512086831128464,0.4008027655343236
93,0.0625451720054773,0.18134648699766476,0.48677489291268117,0.1582751202198897,0.2815685221592925,0.1115666362596527,0.22336967082009546,0.23905059421153538,0.5034665951843016,0.4404461399173944
94,0.07066137373605998,0.1868564791796754,0.40114697826981366,0.16825906581560704,0.3000543127761897,0.11468083710264199,0.2430022809381886,0.24566216289193288,0.509942240817084,0.46211498940437395
95,0.3870604640706527,0.46386272726445815,0.19444985030742643,0.6330307440161482,0.5934719782288442,0.13372542456335668,0.5080513601693339,0.6094442718256706,0.4914253458272291,0.12486367327150913
96,0.026545438520730116,0.17085388226774828,0.3791878619574115,0.04348612420947238,0.25366746578027644,0.15256649519120996,0.1376787971310633,0.17379430272994945,0.4632639439272667,0.37109092141036837
97,0.47587547098574445,0.5249352483736291,0.43516125570570124,0.540497131026783,0.6318393503238316,0.13593664468668962,0.381315206861605,0.058142303346166345,0.5064744511098794,0.17380084227989895
98,0.03843501696978533,0.1939086772968186,0.3446593041313617,0.04690271938162564,0.22506716845557972,0.13482660941851768,0.09607254523055328,0.18357643166694826,0.4779695024679262,0.4526365305354354
99,0.4517874259429029,0.5023152822660139,0.3808742911364062,0.5108263198741845,0.6366418528732829,0.1131752685837828,0.35776067084059576,0.05789033390965233,0.5095936130640846,0.20410868565905077
100,0.040183714628775694,0.2952240735488154,0.4011877376863793,0.04586004929731039,0.2393014900853893,0.1366693568216337,0.11173911815330417,0.17928821185729443,0.4750809776244982,0.45390626950746416
101,0.03684981872006346,0.28888820975111795,0.4741413696658868,0.04153174734448204,0.3753978052140705,0.1377048201052786,0.17225966018590766,0.182764748063989,0.4620883042158226,0.29466529627546245
102,0.03724308446941662,0.33631161882511595,0.4912898641320153,0.04052477271955801,0.44958497289479976,0.1441017891660337,0.18354219782402073,0.1842530567178683,0.46226031668738565,0.28413797440998856
103,0.03740787373800535,0.320987632551874,0.47323182218181137,0.04134473171645985,0.3526892469662138,0.1402732128553894,0.16556051399062846,0.18341399971850314,0.46355301188720077,0.3088745702870558
104,0.02020816470105792,0.2623522037456518,0.18268940792556704,0.27933554452788384,0.4815213240396982,0.2680352271414315,0.29358542178877883,0.1703659360669504,0.4778607317347194,0.18812001374592724
105,0.051763991029311736,0.18727350340631296,0.24552003768296657,0.07039557148877636,0.28706046545441294,0.1804846673935848,0.04778013751792657,0.19751256994806493,0.5052944439644681,0.6048764265304426
106,0.05243972579015535,0.3535163851795709,0.5331115333561619,0.03295945299581745,0.35906872480741725,0.14678704860712416,0.1525708359302138,0.21869510128403885,0.47411724745594463,0.2538618474504952
107,0.056059876677159635,0.3547895947908486,0.5486474431256442,0.03250484093774244,0.38677641550336384,0.15146804220832658,0.17485260270431272,0.23346830876163074,0.4763224466654285,0.22402798551705028
108,0.04757211016977592,0.3864805812428393,0.31803741116189527,0.036379615216112646,0.28628926082923567,0.1896023493419734,0.057416542403899304,0.22373022648713106,0.4735644932040094,0.2745480099601073
109,0.0488135610900212,0.37695817540779986,0.3006376835270255,0.034814296454621495,0.23908646185481744,0.166460797674114,0.057066822930702275,0.23320801480450423,0.4832073704674097,0.3654493601699485
110,0.04972017113461515,0.2233869422413914,0.41262199945656036,0.039956461570047806,0.37679573545059886,0.16012854229397172,0.057333573209684824,0.20086986485133018,0.4714862250742013,0.4710031969385478
111,0.04955400963373969,0.22321286853285563,0.4188031136050695,0.039851042223966286,0.3750648233251414,0.16118286966519255,0.05713580336898811,0.19943967126739184,0.46963411958515067,0.4738934531484148
112,0.0510207277670626,0.22699100055994537,0.3944479012412539,0.040473428931851366,0.3964142930940424,0.15867185582898571,0.05670494535281065,0.19618962054415057,0.47429497558544015,0.5228363840362998
113,0.048393444556516396,0.1083428875808541,0.2991446916552398,0.041933961221392015,0.3216335442233339,0.1960072109130558,0.05200958332946024,0.16549162760415081,0.4901130031641383,0.460879675109367
114,0.047409976736198824,0.09641448530133673,0.28968635586143604,0.045076457584486106,0.2906364099230904,0.20233865876491783,0.05166013835496942,0.17273497562314902,0.5145507032171903,0.42123404953691673
115,0.05148237956079319,0.09445406036950398,0.31078542495055944,0.04792164357278207,0.26985376156878554,0.22199645485803524,0.05543375286493204,0.1778903274720879,0.524373999568404,0.4737190927182853
116,0.05139233038982409,0.09454487084807817,0.31021467392564983,0.04782639725713609,0.2729094368825286,0.20904544483396648,0.05512392835539246,0.17785276459451754,0.510960500219682,0.46382451689287935
117,0.05127172134390725,0.09207992941558946,0.32074967256966214,0.04668219594898186,0.28390036230108884,0.17922681802210316,0.053993625975947375,0.18279563181489167,0.5323145989188666,0.467987318212402
118,0.049629053571023776,0.08964730730641189,0.35497630726362833,0.04407016347795421,0.2736593717312964,0.17348876137306649,0.054178947009334656,0.18731704606363747,0.5386085805186436,0.44727499391285375
119,0.05326242628966732,0.09019688275899601,0.24120642949021742,0.044922061682255876,0.2847874503218751,0.20747709874261883,0.05361485003765308,0.1934872490547992,0.5084209971669706,0.4569475610056424
120,0.05105699095774412,0.11171483181698189,0.2928052978981439,0.05127811249209479,0.316144825178457,0.22349750200915933,0.057601820207693784,0.18485391177200755,0.472066414122676,0.5290345454845108
121,0.04956099523578117,0.11125380461361496,0.3193642609660598,0.048201249642526686,0.32671672966192866,0.22522857365884194,0.05771901266448612,0.17999511487416472,0.4715647153101793,0.4969754804892249
122,0.049183083796818274,0.11202155890483943,0.3206144761575062,0.049016617227277536,0.34929456224780425,0.2273843438591556,0.05889047906053802,0.18373068988247845,0.47238332644947123,0.48902960297335274
123,0.05062830350752449,0.11133254383325308,0.324415789005438,0.04821109620688575,0.33673142895956676,0.2318173566615073,0.06006997437409104,0.18616435962499195,0.4773572995219182,0.5413186843955935
124,0.05065564024315797,0.11216971342377997,0.3149609017612345,0.046378041521834425,0.3151212397223867,0.2688235007490525,0.06302301721365097,0.1928895998981959,0.4754942009880175,0.5185737164762415
125,0.05211862873785812,0.10752723486898491,0.29094072306430324,0.04550700998769617,0.28304989056075447,0.22287159906523565,0.06581392620984455,0.19588556884590527,0.4763123143651735,0.5110746478721603
126,0.05172952446808153,0.10620021211219458,0.2803271445604771,0.043258533810338264,0.27032761799561655,0.21769207072481395,0.072203055956273,0.19745263353378806,0.4757001349001785,0.4941861205493303
127,0.054781362551385535,0.11070971448098216,0.3307013160600507,0.04595321116959484,0.3109849081389028,0.21923793115181472,0.0669423462919184,0.19444846328759777,0.469905161281455,0.5192633316153643
128,0.05478630363634681,0.11060768992981312,0.3313315623420539,0.04594954849924032,0.3156114433132395,0.22050198568699902,0.06719187266577994,0.1938985460734808,0.4727544540790725,0.5178778218286548
129,0.05670461924654183,0.11022546846699098,0.32266179941422024,0.04695943313161777,0.3071974105529735,0.21857151567980146,0.06629629522867256,0.19288318632591758,0.46691273735522915,0.5147990566782317
130,0.055328377596348045,0.1228473484678722,0.1565155086209937,0.0512300618698831,0.26928728616314723,0.22772269902017156,0.062193753747288714,0.231823626749724,0.4658915383710043,0.45475983507883894
131,0.055463181070947234,0.12331912634818662,0.15846000105188765,0.05105706949590431,0.2747758110382312,0.22519792924893828,0.0624604006972001,0.22717428858720642,0.46496971133205767,0.46007435635009064
132,0.05494075131249467,0.12242186302026578,0.15773349681642848,0.051166340668809984,0.2712569285539087,0.22582169210930375,0.06206385000004385,0.2264479878419308,0.4663676062982621,0.4619578765392305
133,0.05513216662865964,0.12189872380029713,0.15809692582870352,0.05103713282755783,0.2706596794585723,0.2252264225680119,0.062435729867603276,0.22716491313972242,0.46539773604487245,0.4596433265934091
134,0.05545214469017682,0.12244946958464345,0.15845947557546364,0.05096140433070577,0.27299522410433996,0.226103208030142,0.06230859892994272,0.2251036013637465,0.3965764890584002,0.46155012380521826
135,0.05365334505079068,0.12044763057498639,0.1567448684757955,0.050671622256910444,0.2654147366365417,0.2302533413167227,0.061585315714951586,0.22031316231042075,0.3762346176083496,0.45656226799359295
136,0.05639939713060139,0.11816263691340478,0.15472323832669652,0.05059373820858349,0.2589722712258356,0.24512830066047378,0.06325544571199429,0.23398896178610812,0.3723119119813661,0.44818986514620796
137,0.055861693935783045,0.11493537385301617,0.15345165264626673,0.050669553344365244,0.254484455799567,0.25863848920755683,0.0635280006217865,0.2571267552616485,0.3731850801843623,0.4418377435804272
138,0.05416778753758514,0.11307603239340082,0.15261840996832246,0.050367571638385115,0.24979938294233134,0.2581438212142429,0.06343358233359823,0.26620977437002613,0.37039895297071673,0.45664889406862114
139,0.060419231599451347,0.11225306844159764,0.15403024202317506,0.051907044498420644,0.238148122282518,0.27298341541048177,0.06335278807459392,0.2551992246093774,0.3695355304520294,0.5160874808588274
140,0.06432052506351187,0.1124178839626614,0.1548000103123245,0.053520970765748375,0.23211266260810015,0.2762392756580632,0.06362753024087843,0.2542234403005814,0.3728188355748781,0.5341983657256502
141,0.06335695553656272,0.11232378728008997,0.15384364573801776,0.05427513582491345,0.22879699183526223,0.27985634858771014,0.06305655912854972,0.2498107350835842,0.3679908228122444,0.5460852436617729
142,0.06350632561552323,0.11189787417920342,0.15370217992965599,0.05470967645197114,0.2261543134299389,0.28217086732667296,0.06277293947837516,0.2471727406575695,0.36876218232715957,0.5480769930396179
143,0.0645165325162101,0.11156563889312288,0.1532959593196399,0.054454594740784054,0.22452750288121462,0.2932710668762711,0.062680160852477,0.24808998635864943,0.3758560145811731,0.5420439056946582
144,0.06408931561646454,0.11107046288447536,0.15284971545794676,0.054817498918704785,0.22433530872096163,0.2941618413914919,0.06262868087268879,0.24822025729293948,0.37269428441690383,0.5438544037870736
145,0.06810152350298355,0.10971463752328012,0.15200119890923508,0.05295115245786833,0.22872400837832302,0.30510565799043754,0.06087387304957881,0.24572250811383617,0.3734780564856436,0.5221880457125702
146,0.06701061687726341,0.11431398891470566,0.15629476615117457,0.053730339288149645,0.2357262468651197,0.27141613719851093,0.06306565480472942,0.2503965679698633,0.3738096081169307,0.5410663970015838
147,0.0669495826703184,0.11448410767986689,0.1559596966778511,0.053860700745724736,0.23562447900205102,0.27137669118448166,0.0629117325987736,0.24943211499003265,0.37672115941160056,0.5389143797960614
148,0.06668254333018853,0.11441762504722008,0.15568107227298897,0.05444980312164063,0.23681288958660981,0.2699020587554085,0.06280331570315327,0.2584910297973583,0.3729889624945406,0.5355053985503914
149,0.06434525909215914,0.1133980669745768,0.15507213673734346,0.049538300378433466,0.24414492637643131,0.2692643408322396,0.06417281346814487,0.262612671103444,0.36741530569413217,0.5556592905345479
150,0.06546435040629882,0.11406217406585056,0.15531249821774978,0.05008736558591209,0.2438731307733376,0.2746672860333311,0.06421707923775365,0.26532152534476033,0.3772200844985001,0.5291096764955548
151,0.06945899402084672,0.11592912089680453,0.15721164527618411,0.05365700547094927,0.24199284461183246,0.23765626710550256,0.06014011299467481,0.25934339613584695,0.3749423896534138,0.5412389881976165
152,0.07038397867158007,0.11562009391593672,0.15790261325969135,0.053592134183270974,0.24240811007659152,0.23843557944078397,0.060018382776112066,0.2631845575008609,0.37536993552338527,0.532156988795621
153,0.07051251020260575,0.11524097275308122,0.15787517910868462,0.05343216137352141,0.24279995440722246,0.23862034834517318,0.0600310431957234,0.2658079447363131,0.37090057509563196,0.5312427374471173
154,0.07077894089892955,0.115489723719979,0.1580987068779215,0.05430954207938026,0.24426348166615883,0.23904288945863048,0.06010647055319344,0.26415853608252104,0.3760244854683761,0.5319281422847073
155,0.06522073520632651,0.12002833890236723,0.15659250600936328,0.05227171774960025,0.2507310975284134,0.2401950439108773,0.06087989792521102,0.24431199420199426,0.37857749775397487,0.5348555541966151
156,0.06577996111759879,0.11931964730646577,0.1539100804430473,0.052437420603180226,0.24769187683611965,0.24545416517316332,0.06054157479364414,0.24444397169453275,0.3703615619811483,0.5346067700625297
157,0.06613218327985776,0.12009883777551314,0.15293407201741768,0.0523521080084609,0.2444369719343126,0.24436169390157197,0.06043609997928049,0.2601450450300828,0.3762510104298078,0.5314234530799035
158,0.067315793037367,0.11916185360789668,0.15413183808100644,0.05192502367405164,0.2443532507447528,0.24381710122502792,0.06064710288868086,0.2633264145093902,0.370160509664629,0.5318409721597168
159,0.073895647988114,0.1166590192407683,0.15934218524974197,0.05191145500245116,0.261658350910555,0.20552858811013566,0.06192241047550257,0.2834876354612538,0.37799974631847383,0.5399883025881254
160,0.0741128686740099,0.11793133450335679,0.1604737827715682,0.051615580952129876,0.26674345309399283,0.20140396874830604,0.062386167081356414,0.27224770530693865,0.37677565403665125,0.5345373417773995
161,0.06820290261872698,0.1217460835912697,0.16071676197731377,0.05306303699631306,0.26777145099199384,0.2096626661889232,0.061786078015247645,0.2745791006204055,0.375976787417964,0.5485935752544118
162,0.06786457800350405,0.12408939400282469,0.16023511777983385,0.053040820239116195,0.26827725448836504,0.20853006998162796,0.06152961942383379,0.27097456458320085,0.38672868881266026,0.550520201434933
163,0.06899646514172132,0.11414648086341656,0.16000577953011608,0.054217491406737796,0.24973734333573072,0.21533849587413678,0.05872057172931806,0.2675994254325164,0.3703627327795205,0.5516480751887475
164,0.06832410811477306,0.11559300282555439,0.1589735925955139,0.054752161758065035,0.2532228252710324,0.22005884626047556,0.058368020525554704,0.2871613484880907,0.3757859367917543,0.5605123026381973
165,0.06880821978022443,0.11573946693697759,0.15822978795319223,0.05710812332079679,0.2521933502686755,0.2253688921966274,0.057897921381756735,0.2880336051638378,0.3719486695995378,0.559301073702517
166,0.0688211777704196,0.11604202142594332,0.1585327851356882,0.05715091714069303,0.2523752731975395,0.22667350061706346,0.057955370889560896,0.28493150949045654,0.36925473261171327,0.5578616710092745
167,0.07054420438302444,0.11807134205642923,0.1590916998451804,0.057522784135518104,0.25228782507342573,0.229290241715986,0.05796773511884338,0.2722059244764978,0.38134004327233695,0.571186136117089
