val_run_idx,condition,seed,t_peak_observed,t_final_bois,wall_seconds,run_dir
478,default,0,0.6918557089438017,0.20796966989199944,,/mnt/c/users/alexa/onedrive/triumf/bayesoptr_research/bayesopt/runs/bo_experiment/bo_runs/run_478__default__seed0
478,surrogate_mean,0,0.6918557089438017,0.40909032624112807,,/mnt/c/users/alexa/onedrive/triumf/bayesoptr_research/bayesopt/runs/bo_experiment/bo_runs/run_478__surrogate_mean__seed0
18,default,0,0.676209035423648,0.37301527025531594,,/mnt/c/users/alexa/onedrive/triumf/bayesoptr_research/bayesopt/runs/bo_experiment/bo_runs/run_18__default__seed0
18,surrogate_mean,0,0.676209035423648,0.43113733829811013,,/mnt/c/users/alexa/onedrive/triumf/bayesoptr_research/bayesopt/runs/bo_experiment/bo_runs/run_18__surrogate_mean__seed0
485,default,0,0.6550773274172548,0.20796966989199944,,/mnt/c/users/alexa/onedrive/triumf/bayesoptr_research/bayesopt/runs/bo_experiment/bo_runs/run_485__default__seed0
485,surrogate_mean,0,0.6550773274172548,0.20796966989199944,,/mnt/c/users/alexa/onedrive/triumf/bayesoptr_research/bayesopt/runs/bo_experiment/bo_runs/run_485__surrogate_mean__seed0
482,default,0,0.6386571017698627,0.20796966989199944,,/mnt/c/users/alexa/onedrive/triumf/bayesoptr_research/bayesopt/runs/bo_experiment/bo_runs/run_482__default__seed0
482,surrogate_mean,0,0.6386571017698627,0.21245539907539107,,/mnt/c/users/alexa/onedrive/triumf/bayesoptr_research/bayesopt/runs/bo_experiment/bo_runs/run_482__surrogate_mean__seed0
50,default,0,0.6347249373641732,0.26271942711681434,,/mnt/c/users/alexa/onedrive/triumf/bayesoptr_research/bayesopt/runs/bo_experiment/bo_runs/run_50__default__seed0
50,surrogate_mean,0,0.6347249373641732,0.43334471373885175,,/mnt/c/users/alexa/onedrive/triumf/bayesoptr_research/bayesopt/runs/bo_experiment/bo_runs/run_50__surrogate_mean__seed0
620,default,0,0.6231437348837804,0.44658618224586344,,/mnt/c/users/alexa/onedrive/triumf/bayesoptr_research/bayesopt/runs/bo_experiment/bo_runs/run_620__default__seed0
620,surrogate_mean,0,0.6231437348837804,0.42858674271597097,195.5281798839569,/mnt/c/users/alexa/onedrive/triumf/bayesoptr_research/bayesopt/runs/bo_experiment/bo_runs/run_620__surrogate_mean__seed0
489,default,0,0.620941293977815,0.20796966989199944,,/mnt/c/users/alexa/onedrive/triumf/bayesoptr_research/bayesopt/runs/bo_experiment/bo_runs/run_489__default__seed0
489,surrogate_mean,0,0.620941293977815,0.3144181104919404,,/mnt/c/users/alexa/onedrive/triumf/bayesoptr_research/bayesopt/runs/bo_experiment/bo_runs/run_489__surrogate_mean__seed0
572,default,0,0.6203560805234685,0.28291526789838506,,/mnt/c/users/alexa/onedrive/triumf/bayesoptr_research/bayesopt/runs/bo_experiment/bo_runs/run_572__default__seed0
572,surrogate_mean,0,0.6203560805234685,0.34299528187849954,,/mnt/c/users/alexa/onedrive/triumf/bayesoptr_research/bayesopt/runs/bo_experiment/bo_runs/run_572__surrogate_mean__seed0
352,default,0,0.5985922642012992,0.20796966989199944,,/mnt/c/users/alexa/onedrive/triumf/bayesoptr_research/bayesopt/runs/bo_experiment/bo_runs/run_352__default__seed0
352,surrogate_mean,0,0.5985922642012992,0.20796966989199944,,/mnt/c/users/alexa/onedrive/triumf/bayesoptr_research/bayesopt/runs/bo_experiment/bo_runs/run_352__surrogate_mean__seed0
466,default,0,0.5963080768157645,0.3535034664782645,,/mnt/c/users/alexa/onedrive/triumf/bayesoptr_research/bayesopt/runs/bo_experiment/bo_runs/run_466__default__seed0
466,surrogate_mean,0,0.5963080768157645,0.20796966989199944,,/mnt/c/users/alexa/onedrive/triumf/bayesoptr_research/bayesopt/runs/bo_experiment/bo_runs/run_466__surrogate_mean__seed0
302,default,0,0.5868844205995533,0.21141343136541874,,/mnt/c/users/alexa/onedrive/triumf/bayesoptr_research/bayesopt/runs/bo_experiment/bo_runs/run_302__default__seed0
302,surrogate_mean,0,0.5868844205995533,0.36397922123114057,,/mnt/c/users/alexa/onedrive/triumf/bayesoptr_research/bayesopt/runs/bo_experiment/bo_runs/run_302__surrogate_mean__seed0
351,default,0,0.5582831923409695,0.3385904642722376,,/mnt/c/users/alexa/onedrive/triumf/bayesoptr_research/bayesopt/runs/bo_experiment/bo_runs/run_351__default__seed0
351,surrogate_mean,0,0.5582831923409695,0.20796966989199944,,/mnt/c/users/alexa/onedrive/triumf/bayesoptr_research/bayesopt/runs/bo_experiment/bo_runs/run_351__surrogate_mean__seed0
645,default,0,0.5526101464417449,0.20796966989199944,,/mnt/c/users/alexa/onedrive/triumf/bayesoptr_research/bayesopt/runs/bo_experiment/bo_runs/run_645__default__seed0
645,surrogate_mean,0,0.5526101464417449,0.20796966989199944,,/mnt/c/users/alexa/onedrive/triumf/bayesoptr_research/bayesopt/runs/bo_experiment/bo_runs/run_645__surrogate_mean__seed0
263,default,0,0.5480509887075427,0.2488569873485293,,/mnt/c/users/alexa/onedrive/triumf/bayesoptr_research/bayesopt/runs/bo_experiment/bo_runs/run_263__default__seed0
263,surrogate_mean,0,0.5480509887075427,0.23790094696316183,,/mnt/c/users/alexa/onedrive/triumf/bayesoptr_research/bayesopt/runs/bo_experiment/bo_runs/run_263__surrogate_mean__seed0
495,default,0,0.5461967417660812,0.20796966989199944,,/mnt/c/users/alexa/onedrive/triumf/bayesoptr_research/bayesopt/runs/bo_experiment/bo_runs/run_495__default__seed0
495,surrogate_mean,0,0.5461967417660812,0.20796966989199944,,/mnt/c/users/alexa/onedrive/triumf/bayesoptr_research/bayesopt/runs/bo_experiment/bo_runs/run_495__surrogate_mean__seed0
479,default,0,0.5432192365644217,0.3484519387468234,,/mnt/c/users/alexa/onedrive/triumf/bayesoptr_research/bayesopt/runs/bo_experiment/bo_runs/run_479__default__seed0
479,surrogate_mean,0,0.5432192365644217,0.20796966989199944,,/mnt/c/users/alexa/onedrive/triumf/bayesoptr_research/bayesopt/runs/bo_experiment/bo_runs/run_479__surrogate_mean__seed0
693,default,0,0.5083349683112248,0.47594029385495196,,/mnt/c/users/alexa/onedrive/triumf/bayesoptr_research/bayesopt/runs/bo_experiment/bo_runs/run_693__default__seed0
693,surrogate_mean,0,0.5083349683112248,0.20796966989199944,,/mnt/c/users/alexa/onedrive/triumf/bayesoptr_research/bayesopt/runs/bo_experiment/bo_runs/run_693__surrogate_mean__seed0
517,default,0,0.4831329768060294,0.20796966989199944,,/mnt/c/users/alexa/onedrive/triumf/bayesoptr_research/bayesopt/runs/bo_experiment/bo_runs/run_517__default__seed0
517,surrogate_mean,0,0.4831329768060294,0.4681226403113497,,/mnt/c/users/alexa/onedrive/triumf/bayesoptr_research/bayesopt/runs/bo_experiment/bo_runs/run_517__surrogate_mean__seed0
170,default,0,0.4720837119370987,0.20796966989199944,,/mnt/c/users/alexa/onedrive/triumf/bayesoptr_research/bayesopt/runs/bo_experiment/bo_runs/run_170__default__seed0
170,surrogate_mean,0,0.4720837119370987,0.26360081099633703,,/mnt/c/users/alexa/onedrive/triumf/bayesoptr_research/bayesopt/runs/bo_experiment/bo_runs/run_170__surrogate_mean__seed0
255,default,0,0.4695618912069371,0.43087457577932353,,/mnt/c/users/alexa/onedrive/triumf/bayesoptr_research/bayesopt/runs/bo_experiment/bo_runs/run_255__default__seed0
255,surrogate_mean,0,0.4695618912069371,0.20796966989199944,,/mnt/c/users/alexa/onedrive/triumf/bayesoptr_research/bayesopt/runs/bo_experiment/bo_runs/run_255__surrogate_mean__seed0
