,HEBT2:XCB2,HEBT2:YCB2,HEBT2:XCB4,HEBT2:YCB4,HEBT2:XCB6,HEBT2:YCB6,HEBT2:Q5:CUR,HEBT2:Q6:CUR,HEBT2:Q7:CUR
0,0.33154499599098486,0.3259936541809998,0.3288795498135782,0.3316643806963803,0.31904234010523375,0.31407460820468486,0.32200223237643383,0.308202295307625,0.33844817246378717
1,0.3339273157926714,0.32985296621955373,0.33154921500895845,0.33327228341328513,0.324090546148542,0.32287003571819095,0.32658622858788283,0.315023180736414,0.33697229094409553
2,0.33564321926172525,0.33211821326489854,0.33368263611156423,0.3348314229711051,0.32664167167244795,0.32803326198947713,0.32951973375811994,0.31998509715203016,0.3364270750230621
3,0.3356006918475723,0.3319744935888089,0.33370129530954884,0.3347375035696183,0.3279234616698397,0.3291680604920126,0.3299220756277426,0.3218691715709979,0.3361634455986845
4,0.3356465168662075,0.3318947012740023,0.3338677516793493,0.3347496519139959,0.3276361109733385,0.33039132544242555,0.3300742480918934,0.3231422739703828,0.3358287950626665
5,0.3353366743466029,0.33249915238889965,0.3337447077892341,0.3347606175458244,0.32865677540199373,0.3313525557171765,0.3300015059555576,0.3251550846755161,0.33578453085926074
6,0.335070351603563,0.3326197891368611,0.33365405374105744,0.3347205717091507,0.329104719200114,0.33159880470032727,0.3288606969044724,0.3261569319517759,0.33554182871149174
7,0.33536147239422553,0.3328624976686529,0.3337431991364243,0.33501836480475633,0.32988531678036287,0.3314211564308451,0.33003566801350054,0.3274931909891153,0.33550840828194545
8,0.3355173738551553,0.33293916336154156,0.3340850753924046,0.3353161655554979,0.3298572975117809,0.33185683307636393,0.3307942523015734,0.32791648067614815,0.33537094400405426
9,0.33521359569152676,0.3330308501077188,0.33392243575448016,0.3348912336457397,0.3300392121795795,0.33203593000553716,0.33089613730110384,0.32763915538848437,0.3351494016651429
10,0.33543804145780565,0.33302101252827926,0.3342631542652565,0.3339612456328822,0.33080821190264637,0.33246942827648474,0.33158884090584717,0.3289374668041229,0.335328345884339
11,0.33535735044260023,0.33314582768829415,0.33436830956503977,0.333862026319174,0.33096567509446595,0.33252359971131185,0.3317201270696011,0.3290116155861651,0.335114429047689
12,0.3221766654706349,0.3109210260214935,0.3166694702650648,0.3158270169416199,0.3023933480376717,0.3097085235783128,0.3038877871496235,0.28417549553113286,0.33190533208458556
13,0.0658291620615981,0.3983499863492864,0.38993362297459083,0.31057048322086067,0.37065003423726495,0.35802930535095073,0.3796419130503555,0.00936971491526497,0.350248632735145
14,0.3221911555748897,0.31263576932665177,0.31657119735137634,0.31737882464852296,0.3049308387958062,0.3110238370089408,0.3054713030991941,0.28823149764903283,0.3317872150407667
15,0.3134656711383916,0.3063483367907569,0.3189541610698423,0.2799835463363185,0.32173990297899546,0.3289252198626082,0.2753733293643091,0.07647743285628414,0.34822156519049996
16,0.31626223726135994,0.30480674526899726,0.3125749230580207,0.31267685625499264,0.29799569186975366,0.3113689836361148,0.2986180679942642,0.2775869576443447,0.3313221143645223
17,0.3146930287703725,0.29099493594415815,0.30742021358485405,0.30408044127002076,0.28408975198597475,0.3085186286748962,0.28432705524005414,0.25098946608363987,0.3316120661169171
18,0.3148571320176821,0.284195492984974,0.3062776795312705,0.2985461089459709,0.27781710276333393,0.30854176977233455,0.2762063391068597,0.23049839468809155,0.33234652217893546
19,0.3196028087300532,0.30004374644295395,0.3175123894080669,0.2788359497420803,0.3094888298267026,0.3283603576776749,0.2685489687984949,0.10142234623242603,0.34376886956040414
20,0.31960163430901173,0.2994350081025042,0.317250679387913,0.2781455788418102,0.3087955147728682,0.3284548003866742,0.2669640808398669,0.10179579293481682,0.34374056573534334
21,0.3165484286162007,0.2955731022865611,0.3153138176710987,0.26793686920648313,0.3099663899773212,0.32900022996489875,0.25437389238461433,0.09448754642394151,0.3453531598928279
22,0.3124408729372118,0.2905663096566175,0.3131607967311119,0.25389437350293714,0.3114373735771966,0.32992015258017954,0.23301486439489938,0.08809087424221156,0.3467466408177087
23,0.31374364075071104,0.2913904543791329,0.3131637492030518,0.25796677166273496,0.3104112442955903,0.3293993434498486,0.24117392318852726,0.09078752094291315,0.3462909555062179
24,0.30721946259941463,0.2854058802442017,0.31388546223561586,0.23169348111457536,0.3244496154603525,0.3311861117848611,0.21466677882743537,0.0815426964765946,0.3483459813191292
25,0.3058184775045043,0.04392407434808268,0.3380787158155396,0.34852942377445095,0.3604422720368439,0.3297313548905667,0.319019879705597,0.07415923116828328,0.3458440439923006
26,0.31147146399791037,0.29229578761538155,0.3150998696913565,0.24689710477008295,0.32516321040654844,0.3266577344280834,0.22820687681187166,0.08433532967679967,0.34804674856187434
27,0.31252001508933264,0.2937427527459121,0.31554324324441374,0.2621991066668703,0.2772725739254812,0.3221606151433494,0.25450989439125965,0.09406706781507788,0.3458700364468855
28,0.30058017901667955,0.05911145407097946,0.3396221825885493,0.32066627565204375,0.3170710775542293,0.25961131355386347,0.32305046530483694,0.24424064738543996,0.34153151633445944
29,0.3051368689501709,0.06342657514336339,0.33977856595886513,0.31812663192587093,0.31621136542233824,0.25588755589965984,0.3219573141589885,0.2515773415488087,0.3405766129682298
30,0.29474389225104153,0.05642706138360979,0.3389784191682399,0.3213162861508829,0.30292738373546335,0.25856751154277124,0.32635698763745047,0.23465378263912023,0.3419214381944768
31,0.3052231054634525,0.06351738198388134,0.3384183285531654,0.31857486322779016,0.31272509484713085,0.2522007112361979,0.31590014165040187,0.25156601611052215,0.34019347000296485
32,0.31029564794713715,0.07373061883300425,0.33607406142997476,0.31510019653538746,0.31995188670951064,0.2748309272889292,0.3015895046631306,0.2617789331600499,0.33879017521430727
33,0.3216759596950634,0.2903238067421136,0.3132074842278846,0.2754985513545964,0.2895875084585739,0.32416525529507023,0.2395823058545419,0.11252283816181505,0.3421648615743553
34,0.31321918973858703,0.30568017397004726,0.3136545270752158,0.2795841354564139,0.2783509059127248,0.32052386057738763,0.23801280064400068,0.09899723400993772,0.3456014913557589
35,0.3129976478691932,0.2924843574066006,0.3144829405456077,0.28201282711403064,0.28095322773268433,0.3184909313571498,0.25217024678207556,0.11273418767546638,0.3427412074695498
36,0.31470482155771073,0.292090115003889,0.3144829303683121,0.28280911573555934,0.2821869643644287,0.31888980722410853,0.25405178338948414,0.1163569049837193,0.34194152252081306
37,0.3100389816702448,0.29023763085084686,0.31347851163545737,0.2789955255147664,0.2795098677117254,0.3172947864933174,0.24249098986642195,0.10818262117158045,0.34351713637108283
38,0.31377882023434434,0.29068004656231705,0.3139139742269602,0.28142638891191923,0.2831541000233923,0.3158430812577667,0.25084831758266896,0.11411075752283337,0.3423032899584473
39,0.336766011500628,0.10532109002303007,0.33139589522190127,0.34924864778034775,0.2859862639052872,0.1011140827297616,0.25497677270338487,0.2734967597987063,0.3160158578857987
40,0.3175843802904899,0.29839959262470556,0.3098475055773053,0.28699045873263873,0.3035794081930298,0.3177069190352255,0.2618909467869332,0.09271433254657822,0.3447329544511847
41,0.3182352966787441,0.2925551279391762,0.31641139018972175,0.29204347833893207,0.3109199054920286,0.3135954792520735,0.2709973184340353,0.08416844756519554,0.3464524316149964
42,0.3185751187269205,0.2929278875417329,0.31645106081587215,0.28989695208133875,0.31105883037373955,0.31340613295936726,0.2677426817039708,0.08421517169817108,0.3461882880425453
43,0.319320368715432,0.29003532137490506,0.3183139702327884,0.29028279942856794,0.3130073406744346,0.3118472890307998,0.26725341447189965,0.0818780452480765,0.3465647181283184
44,0.32010991786581994,0.28716377681992467,0.3196016417380044,0.2902226554885635,0.3141624270551864,0.3105035871177784,0.26578475992756867,0.08031254632977165,0.34680746322251266
45,0.3209053825507936,0.28409501017944766,0.3205189514129338,0.29022198773479285,0.3146484331595852,0.3090225722628755,0.2637436743095517,0.0791368557976458,0.346988870297816
46,0.3211818855798711,0.2830279974796243,0.32073695915944683,0.2889769354517693,0.3147198537051282,0.30837534494197305,0.26046628901353075,0.07884048161530861,0.34696311484392756
47,0.314964973729512,0.2730674278400509,0.31643904056914557,0.30015188580086616,0.3128955892735739,0.30702606672870286,0.2816399038392142,0.07586388516283592,0.3668955142091097
48,0.3158400044836205,0.2770578728360916,0.3171246116367373,0.29708291662717096,0.3126083639188934,0.3068150817571055,0.2774133976225312,0.07711113790112395,0.3582153843430411
49,0.3125493365970853,0.26869845428704797,0.3145821553835709,0.30288423798586994,0.31256296785498255,0.3061434911316816,0.2854019549832896,0.0752934233454642,0.3637298935581591
50,0.3135364049050401,0.27240755432392677,0.3152586106114944,0.299863530071261,0.3121118364488925,0.3057269223804064,0.2817818318435389,0.07615996415403684,0.35917863696659397
51,0.31069469067611644,0.26785499036026156,0.3130181179465098,0.30565615345384767,0.3124425836439439,0.30613087171213726,0.2899694953959659,0.07539549658555611,0.3527684432125176
52,0.3110259587531206,0.2667319940801537,0.31272988092792,0.3038089852368847,0.3116458691442542,0.30486462586275975,0.28704998211343374,0.07531411542271746,0.355078166954473
53,0.32256046734446425,0.2701565339064701,0.32878876721035505,0.34389604311355854,0.3236160626129646,0.08801676751552753,0.2520504529336533,0.09321928987986361,0.3501782997221393
54,0.35065367324976976,0.3298635693133644,0.35592072641585665,0.36711331525049357,0.33328532209934775,0.35211577832602664,0.3572455555892269,0.08928351823637741,0.05839208141800613
55,0.34982855797334234,0.33144240367536865,0.3557736475705427,0.36756247306841394,0.3327458961714027,0.3509468627109763,0.35730730954620726,0.08898808646870901,0.05853175325998556
56,0.37034326718517346,0.2567160901945935,0.35096700380317264,0.4022652557058384,0.19040828952063207,0.10353019658904568,0.3115361428592911,0.35569558208204144,0.05831085542933635
57,0.35498571477081925,0.3337629143420752,0.35356806297961973,0.363608223138371,0.33650864956773124,0.35685090686731374,0.3615045179765989,0.09085404801971234,0.05709654910509273
58,0.3584809722194445,0.33210342371463103,0.35558154466905334,0.36656824970685514,0.3477008148090508,0.3596876357844207,0.36721840954726054,0.09114889925288695,0.055497548256749664
59,0.35657436491531697,0.3315007893686299,0.35464087747018574,0.36601227045532025,0.3459706381560638,0.3577601994774794,0.36648988832527635,0.09060722781519243,0.05601332622578231
