,MEBT:Q6:CUR,MEBT:Q7:CUR,MEBT:YCB7A:CUR,MEBT:YCB7B:CUR,MEBT:Q8:CUR,MEBT:Q9:CUR,MEBT:XCB9:CUR,MEBT:YCB9:CUR,MEBT:Q10:CUR,MEBT:Q11:CUR,MEBT:YCB11:CUR,MEBT:Q12:CUR,MEBT:XCB12:CUR,MEBT:Q13:CUR
0,0.416723281968618,0.4337256136401098,0.38862994390467753,0.07264401126543905,0.3048681721489876,0.483427926102309,0.46857015100316257,0.40997666736642707,0.3940544975576671,0.45539188492995325,0.4383623031841417,0.3907631410505035,0.46498624504106545,0.43924707928008033
1,0.33813428756511676,0.35885665035596753,0.3627930324707215,0.22321270313519365,0.32496113287434636,0.37308350978158283,0.3783311563023255,0.33631293643821664,0.3053364766330778,0.3579828640444738,0.35097049555203963,0.34417251496919277,0.36781867911096927,0.37482016604114404
2,0.32275327076812405,0.3499387027705675,0.3542106552045745,0.1791764839518677,0.32787793510284813,0.3644423941193019,0.35617631112689113,0.33038499627721735,0.3177274731669406,0.3523007178284613,0.34940212984241853,0.34274953069757674,0.36057879253677894,0.36716171204724873
3,0.32265539401482546,0.33998310781082164,0.34912468626059856,0.20524016345308688,0.3279848337103972,0.3548853623163608,0.34026167147021813,0.30810639149494823,0.2502694288307389,0.34455318269173163,0.34672880074839596,0.3368933438125533,0.35613862241042693,0.3560877471517356
4,0.3160821628162145,0.3165757279708301,0.3418222493281077,0.22652506048975354,0.3163434588139543,0.3467936685296876,0.3391937502428186,0.3054063895952731,0.2580322305783178,0.3397902582475467,0.32462122440915053,0.33244200586126893,0.35167029070867,0.31148039876991485
5,0.3035278666912729,0.3166969349875304,0.32145010866642415,0.24041121165355367,0.31882270661558565,0.3447436573534925,0.34185499879087256,0.2872434123596763,0.2709636490208856,0.33793446498885116,0.3248185263164654,0.3172421719067017,0.34727213117642425,0.3017891540595736
6,0.3038033003281323,0.3176541823963906,0.31988704235317256,0.24637507295488945,0.30362736099590504,0.3439958956265928,0.34360678157508817,0.288496230856637,0.2631038667997575,0.3365151148606187,0.32511150597934735,0.3162527934236077,0.339979698770483,0.30203794318453764
7,0.30260908470012926,0.3176174256950637,0.31856966409559634,0.2454580864685996,0.30451458338469045,0.34296308536663905,0.34302481447939337,0.2885100207018641,0.2637735614630128,0.33544465075790114,0.3243568708869395,0.3154134629826795,0.33667833801461283,0.3017992679925289
8,0.30698126074966364,0.3156602550870224,0.29400232053762343,0.25739658924456815,0.29364757977592776,0.3403923086575248,0.34314352398817527,0.29191151854648856,0.2764432256205307,0.30280951714754645,0.324818748939955,0.31510437016451986,0.33848175014295445,0.30857842290357584
9,0.30961656517275316,0.31446703058159675,0.2876486237844367,0.26358927673088406,0.2985279825237842,0.33469880377746936,0.3455030696836916,0.29441795509753743,0.28689828218229746,0.29957391438942566,0.31409828987109384,0.2862952028624462,0.3378858987964952,0.312342989470698
10,0.3073012111888271,0.31306705869872087,0.2873087432332849,0.2606869024288817,0.2961044891253671,0.33358920467164127,0.3441604958754684,0.2925537517679902,0.2842123738493432,0.3165245467560172,0.31270666205727904,0.28745761504618267,0.33902738102674335,0.3119830644209047
11,0.3063340198521491,0.313884986995869,0.2862600705225293,0.25880037028625297,0.29592058620372946,0.3377054330473924,0.34374363569111316,0.2931461136807436,0.28230698068385723,0.3156392397637588,0.3123899771312164,0.2883601420564137,0.3384403714770977,0.310800501584004
12,0.30120817074855355,0.3142893136113491,0.28749944681709727,0.26051691651095704,0.2962669463286207,0.3374582870957411,0.3432528237396282,0.2892137052162289,0.2829899492031513,0.315855085129624,0.31236623818047654,0.2877004029625675,0.3380747074227355,0.3076745827282041
13,0.2907774703454201,0.3145025463608056,0.2902706888205011,0.26657024392001205,0.3004234727379628,0.3346790942056433,0.34466681720105585,0.292580139597821,0.27263605773241756,0.3151254196798652,0.3099307886344441,0.28506134126956106,0.33450438252824266,0.3053408817408441
14,0.26706003622137187,0.3338356716391565,0.2937184755251665,0.3192120380291712,0.26679840313130676,0.3411086859653927,0.425928066190137,0.28624246784019536,0.269265304545437,0.30929710216239703,0.30346110027529116,0.2647015241862799,0.3472563473655938,0.2931095021962879
15,0.27854694345399467,0.33333311476756644,0.2932118543254738,0.31013403416781266,0.28039828186987475,0.3029324653864178,0.4040026009110061,0.29157415820579036,0.27081861099536003,0.31146326319896184,0.30832693592385346,0.27173533654164567,0.34454788627264893,0.29315109651016413
16,0.2778434700033154,0.333557248125967,0.292777986564654,0.3099813820977228,0.28021530637545766,0.30327802741245485,0.40458169263655636,0.29083952748408276,0.2701999641718092,0.3110844267027844,0.30792394379050936,0.2704098519819074,0.3446683456982057,0.2924167707788856
17,0.2785378931731844,0.3287481367556536,0.29218207467206314,0.31036496620230347,0.2813548667892832,0.3022734502367441,0.4049481124918485,0.2881298098063794,0.27010760993275484,0.31009547943998467,0.3070715620660623,0.2700593901596004,0.3449472720433908,0.2924956103879134
18,0.2685278950063778,0.3311256040397039,0.29474138275690426,0.31078428927092205,0.2843636600967778,0.30389136835425024,0.4048472838614352,0.2758627312573303,0.26599072448508854,0.30994690757495275,0.30325648362798874,0.2726023217406097,0.3412136673916934,0.2942109063521608
19,0.2511299538140992,0.33383248111382025,0.30320538045092876,0.3155391563215179,0.2744106905636869,0.3104673357470914,0.40957115956281137,0.27269263339647554,0.272347534532587,0.31050392029512414,0.30860515627599366,0.23698161014693425,0.3413952481562694,0.2948043942213079
20,0.25850539646654147,0.33194493260513214,0.305997135607057,0.316331262475877,0.2775997075546764,0.3169232956669611,0.4050620219269914,0.2766918616528141,0.27831696622850666,0.3128496294100512,0.30041942894210844,0.23737064701821753,0.3078583973982047,0.29199048665666405
21,0.261936890297765,0.3315132359669632,0.30528622086813995,0.31553851742350725,0.27845193256474476,0.31808923640606734,0.4055821771840119,0.26869518982806595,0.2802934950695248,0.3119077902758281,0.2991053220110204,0.2346001554445902,0.30801161973166574,0.29097601068816226
22,0.2667711738861587,0.33519209217509915,0.2818309310410648,0.3175299729098561,0.2866189630451723,0.3236672341957865,0.407338280434948,0.2677313342361953,0.27992456904208934,0.2988242257132641,0.3020743687906729,0.24426238555433857,0.30966551219521093,0.2715882656315256
23,0.27132750731400856,0.3168039256561282,0.2792811876522832,0.312034112688906,0.2907169145341595,0.32571018564961995,0.4007539889930598,0.27217724625354983,0.28322074577730566,0.28743982243533256,0.30422696033994157,0.2455138021123713,0.3136226912796805,0.2779036040695047
24,0.268885069519411,0.3187030178391461,0.28383457685010477,0.317282297866888,0.2546465511187,0.32569317374962176,0.4032613195288702,0.27428952558192804,0.2816441874567055,0.2868720358293484,0.3060512142097855,0.24821503106776194,0.3165386792569887,0.2746849664539047
25,0.2464278736093377,0.37573397046548246,0.2793892855642117,0.31745988529968777,0.22986551639675148,0.31611731184592373,0.4218545188814865,0.2734811050151043,0.2745640980221186,0.28274751665864406,0.33532798303004707,0.2434947109161841,0.314402459087049,0.2589688645221233
26,0.24027324938798128,0.37543225673411745,0.27483408716376756,0.3171130381220221,0.23455013714874648,0.3147989094687065,0.4222016714650694,0.27444298758627367,0.2742124603056385,0.2830620081577856,0.33051565182165216,0.24615886275412052,0.31541950906843497,0.26017590625519343
27,0.24386755804876564,0.37116855712637803,0.2749840488747149,0.31737715045294274,0.23802686277862015,0.31534877560839614,0.41912054411005367,0.2715823898061679,0.2717602141570361,0.2829090179731653,0.3293869234959651,0.24591849397608292,0.31507462469161385,0.26028283808762037
28,0.18828320462137438,0.3715999076861355,0.27099663227240944,0.3081807116148659,0.21150611872820788,0.32801683847992047,0.4230496023296746,0.27339776494332574,0.27412334452183773,0.281256727643893,0.3830816969178391,0.2748856035952842,0.3193033532599888,0.26752211254872793
29,0.20090473587303356,0.3691847698958958,0.2678605201175608,0.3073521227938457,0.2149831164575014,0.31712589432235555,0.42356580251228715,0.2712332240366201,0.2744737748274376,0.28324505366392216,0.38076792733957554,0.27297570139861993,0.3176421816757323,0.2655654067741152
30,0.2286451789705703,0.36709754457376315,0.2723677743851484,0.3101551736484748,0.22942348371949273,0.3214787074334137,0.4072884203024198,0.27069069397485424,0.27622853392270974,0.2842607142121384,0.3571495371849388,0.24707358204575833,0.31644009196268563,0.26412843506690165
31,0.2337599434989248,0.36958049209017735,0.2758193573751885,0.31318881678444294,0.20357172964781448,0.31910023915222807,0.3926919452701229,0.2650629072793476,0.28395330685098574,0.28638255104318394,0.34896013861135167,0.24756084701437844,0.32069483876283084,0.26962614110349986
32,0.2340728675923234,0.36842848471252515,0.28211325887589206,0.31962662578068163,0.23667307492192852,0.32274339282984893,0.3953058004102834,0.2716149983963951,0.2543364198227553,0.2594043473287285,0.34460446916369647,0.2534586083607417,0.314501212815777,0.26775085736335735
33,0.23801096982089334,0.3602012189467563,0.283821227793295,0.32045253716583405,0.23660284001501902,0.3238643182016221,0.3954839381950826,0.27130939076511107,0.2574431182883261,0.26158628294122777,0.3317648121998069,0.2520248620846545,0.3140047201132798,0.2690325042526351
34,0.22451980580049744,0.3590083669358824,0.30122000377494473,0.31908883932881577,0.22924804576977945,0.32142090311490895,0.3983989643808139,0.29638855138462933,0.25871044250574493,0.25358883839065155,0.33152904775007147,0.25194279831720123,0.3123346355328556,0.26495111220529527
35,0.09725177633996367,0.3144628321724211,0.36119453706506954,0.3153192311126597,0.018786929187283412,0.16509719994755245,0.24579224915425743,0.20647283662960242,0.32593760552092094,0.3151960749966586,0.4053976413441802,0.33854971318881544,0.37716669956382537,0.3541693064646912
36,0.32538869670620774,0.328004433407694,0.31584514040052486,0.3376768476851826,0.006149258628052068,0.21774429265832845,0.24307697707449272,0.13690113161909198,0.3236376327501274,0.3447822910850638,0.34819629713315514,0.31626382345068355,0.3583854883586335,0.36158951869615286
37,0.11069725735277348,0.31460065368246365,0.32431424597457315,0.2927504612154862,0.01892226638148365,0.2103437489928976,0.2395479043110212,0.28436769941665274,0.3193943411978108,0.3235016290167808,0.3132168309668719,0.27041410169198177,0.3545002508945775,0.3472241745812977
38,0.2755657591538009,0.3405637388043571,0.35992695008411196,0.31795044772724534,0.02105995546784299,0.26376384184431056,0.15915773012428044,0.3522470832539156,0.3247207410842505,0.34080706375073044,0.337938147616401,0.08295391494601867,0.32159297940709125,0.36969924767189216
39,0.26462865583038264,0.34554919883881197,0.36525923726434384,0.31666182609141286,0.020136314996403486,0.22101773674512798,0.18914960207481457,0.34885781658366355,0.32439804372400616,0.34711559916948775,0.2849907758529823,0.10400093417778314,0.3352194198113709,0.3694379942255484
40,0.3383980435087508,0.3481019420306149,0.13485357766923003,0.07794869952261631,0.32932579248295724,0.33010252245668587,0.3127784196994604,0.06906976814337024,0.030513037000007393,0.3176130680760138,0.32555786595185476,0.23612035648256205,0.3341806784562209,0.34956903762744085
41,0.28484831039093306,0.34909096288746577,0.3304590437801149,0.2879399347170897,0.02256511977938972,0.3097640194516727,0.20497068096207408,0.2769561824718811,0.3274816087639549,0.3398260311975544,0.1532677111478997,0.1593127016081164,0.3543978957765394,0.37054210027130907
42,0.32459848314621076,0.34875535256099716,0.3311900650304711,0.2949648924946559,0.022932283797919253,0.3128172835259975,0.20666549811175408,0.13191530255432057,0.3245018078219729,0.34553916599195605,0.13972440784619408,0.248304381645035,0.3541214465442345,0.3597448043477923
43,0.2941656239993057,0.32982022068311884,0.09759826492089485,0.10639412936156106,0.34512389415817235,0.3378486924705053,0.3264455604793957,0.24980742728739386,0.029152091817435267,0.33502974464431423,0.2797749339162373,0.2975615463159981,0.3119852646246025,0.3471754421739096
44,0.2945296390778749,0.34720396266733305,0.3437324289746024,0.32072056204446714,0.023143762753936325,0.30128807579514516,0.240562171955591,0.0952690922112728,0.33643448765985084,0.09976339881595198,0.31564045236615185,0.09119640309150594,0.3277624701600907,0.3492516751018752
45,0.1300074123865186,0.3345368718816609,0.34960945050496733,0.3221330797582874,0.0226492747388018,0.2910418851931392,0.22660507993407786,0.30262241046865684,0.33911877611202623,0.1023656090875659,0.24183700514384032,0.0986092727139086,0.3289042455832922,0.3547148633175151
46,0.10101799138835964,0.3710270245839858,0.39108363117781086,0.34458249576533884,0.022533640695113686,0.2984296591215719,0.22590092917418092,0.42699196743875434,0.36576439034357483,0.09975251026917274,0.21767277101707128,0.08847610867156278,0.3486272028061087,0.36267320843699297
47,0.05819867778881074,0.3298556022880429,0.3538514900334147,0.28402260064638374,0.3174370606450694,0.18039138748513295,0.2455909874473426,0.22271163151485535,0.053254287642485104,0.12841043595817003,0.32475476894600624,0.046169010858225806,0.17001986796797336,0.1687957276164953
48,0.06639080259454304,0.33558905443185855,0.3607749018852495,0.25659806720790246,0.3144382843808971,0.17699442048262984,0.25530833777998196,0.2169770208885341,0.05991813845842484,0.1158869835573042,0.31562695920246125,0.062187950618496385,0.18763562002795892,0.16774740474204158
49,0.06259910607929864,0.34446975142416886,0.39311723864960013,0.2984602342705678,0.3434642312904108,0.1606696972418761,0.25171393440140477,0.26064851105135645,0.056544264700974387,0.11126051157142514,0.3465337909823911,0.055553807061882114,0.17421737245734326,0.17504384549016966
50,0.0676156632722765,0.3426592457870861,0.39810995866549764,0.28197921044108504,0.3387890963200987,0.15309812328488517,0.2509746044183872,0.2984202356934824,0.06189172300613522,0.1056946561194172,0.3412983859867843,0.07459017555955007,0.2000513326552777,0.16489147660802622
51,0.05954636222509777,0.33806236263877654,0.3947441744579887,0.34505839658439236,0.33590035710765487,0.04767095329730883,0.29985304536817314,0.24074298372713931,0.05042926040061292,0.0882388535360687,0.34698066650335224,0.07672479867693668,0.17516663462442628,0.2949850106902687
52,0.05991899895278259,0.33833882690748474,0.395471875877678,0.34452375403784136,0.3352216251416446,0.04911117480598484,0.3039052945180176,0.23987732178813953,0.05093336697811178,0.08911938017282924,0.3490425303452528,0.07621810725265143,0.17538990513630737,0.2893341032790075
53,0.08795802775098562,0.32723477639859067,0.36300455059518605,0.31706594595535426,0.050736844123371934,0.2107666805968868,0.16073782152447247,0.2650501269381087,0.3225364577852516,0.10758418269961773,0.32134039847430396,0.08792701205255889,0.3067655207333136,0.11009612238534387
54,0.09217519034269614,0.3279007474464869,0.3650163281753821,0.31929346948553744,0.05621110910008006,0.19696350678575217,0.19631887186810643,0.2695671202923359,0.313577247533461,0.10889103972673093,0.32378310168018726,0.08874251356771631,0.30838547664744026,0.11998908603158644
55,0.08821138650770936,0.32622906643155436,0.3613666340235513,0.32260590528583877,0.059011432149304766,0.18993935373484416,0.20329565115766537,0.2734441818620706,0.1420409421869156,0.10713494381551518,0.317456598666176,0.10093471359182396,0.30010736356167,0.12493879847221302
56,0.08888842752840517,0.3514621028174568,0.3903146459124349,0.3139436311283038,0.05730443743751532,0.1750943981619268,0.1941627725901311,0.4155404230225278,0.14411497177421403,0.1010225446820954,0.3154694555698824,0.103974438354355,0.3378934692894745,0.12109006513883154
57,0.07625752391514345,0.2627105048655492,0.3889638669310549,0.27356544074731964,0.28042849214895865,0.03680188280981982,0.1741551730273824,0.25291076764076764,0.33868359854775393,0.10907776309153903,0.3758819617186916,0.28570134419412774,0.3202350268831733,0.09772900425531426
58,0.09781306768979404,0.3504383183252939,0.3874938590157921,0.32785170097331684,0.04060442151354979,0.17342819467496104,0.189902942091211,0.3228687698628473,0.1455673218312778,0.10250439194206212,0.35479551911061386,0.24900821204401657,0.3645276294883851,0.10226026639147637
59,0.07304046786466087,0.3325287139580568,0.4302171742092138,0.3379868666768313,0.03577445108743856,0.31079678697272195,0.16943499376089116,0.32485225868348355,0.3023412984671889,0.024476283297153966,0.40177448193795756,0.30629061380379463,0.392913916424185,0.1295463199483465
60,0.23288006011699833,0.34843208962394145,0.4123269832705989,0.3154303986350653,0.039109568587233606,0.2213573500677903,0.18727030813728332,0.11214678012477783,0.128103684154513,0.11499205202729418,0.41358493501401533,0.316230973011806,0.44501059965442985,0.10141645818220239
61,0.26743073434877956,0.3489813308163505,0.4139742666795406,0.3102595436752206,0.03850020503587739,0.2492100921456108,0.16912079449401013,0.0995770725537789,0.11876782357293161,0.11210990639352587,0.43253524832635154,0.32591784513729877,0.4289077370554253,0.09719338392426329
62,0.26391830177435577,0.3499745437785603,0.41660080998865134,0.3105496549508754,0.038558846598323024,0.24763175141795157,0.17091445805763703,0.10028902864233624,0.11964549439267735,0.11167402510866041,0.4383827640393365,0.32880171150151094,0.43121559178091295,0.09806227158841838
63,0.2836909310808419,0.3669871308150384,0.43029700302719615,0.06616092359655705,0.03661854841504127,0.3277578209319122,0.19142595444141386,0.09392530859771653,0.1031141109632273,0.1017579219732364,0.4399271687184288,0.28833479433354503,0.4340858887720595,0.10442781498675344
64,0.21012090145478626,0.3683255021175969,0.42944548024348206,0.07436887597497298,0.03737872758536013,0.3142653360033409,0.18503548311173829,0.10982822103039251,0.11238599468706925,0.10644255406198218,0.46201594992917017,0.29501315717941534,0.4379976201093386,0.1041637106902534
65,0.11087061624929204,0.3622933804517835,0.4264602860677275,0.07737471334739414,0.03811199488820662,0.3069226906250494,0.17643483110518385,0.12022177279854067,0.1138886728034215,0.1037308109874434,0.463206447352122,0.3035125825714771,0.42570090527516324,0.10463896509521546
66,0.12066873502824244,0.33798827842838175,0.34996968857393584,0.08101926435923866,0.03849554737702476,0.29115949974974914,0.17823871899089647,0.12983396014287332,0.11873102821309585,0.1041713436104987,0.47809956896535677,0.23853674583637294,0.4234777864338074,0.1047521918790741
67,0.1191312073455903,0.35951338441167724,0.3748015211179056,0.0798871401259784,0.03841578571656354,0.2927693870296689,0.17951196155041113,0.12649987355956013,0.11754598791837068,0.10187504385962542,0.48185217116643747,0.22256615009530767,0.42281692217076267,0.10599068871944756
68,0.10930299907986094,0.3667909961304983,0.3530609205259996,0.0763273859510978,0.03793342760830621,0.3199615058417922,0.17683051218704757,0.12379984974985402,0.11394057726547249,0.10552292973163517,0.43924703629749967,0.25546299576444426,0.3996655013871755,0.10525860228002228
69,0.11890778523381676,0.13964458360967988,0.41399251032983875,0.08690216508748133,0.03934636103630523,0.3043744358370606,0.19018312579549848,0.13744904624966722,0.13342666951346913,0.1313204145427631,0.41799752735067486,0.2531007663362288,0.3990618556134313,0.10456056915804528
70,0.09865951396812073,0.09767371698634883,0.41677966647906806,0.27995837206497265,0.04063761863298448,0.2844033737502387,0.17424032519749033,0.1403862761805417,0.2337781494586948,0.16404692640818083,0.3393285101275255,0.22375195086776622,0.28724128319193615,0.1014212232137332
71,0.0987632150224277,0.09755296315205589,0.4185582592329748,0.28097927710849246,0.04057749059881724,0.28151320202583885,0.17447584991933043,0.13520174985433203,0.23366936582597916,0.16346703872051777,0.3418398533099939,0.2239367585888793,0.28620492429717254,0.10162866165304457
72,0.10300939521430472,0.09936190321286864,0.43608809724809827,0.10194157637005227,0.039915024651862044,0.3099675426244662,0.18100357750291224,0.13373970990375383,0.18272370501349552,0.13850084870701523,0.34998210641712685,0.22086530512355318,0.297238076908588,0.10338002755987692
73,0.10501297819922677,0.16524836587148609,0.371104170880335,0.12057441398046323,0.038484884554855055,0.058100499742495745,0.2475844165268224,0.10221333406664729,0.3440660463777321,0.12658306766681868,0.4252741480106537,0.2167691285127163,0.31648624005563697,0.10420952796571745
74,0.08990532740519992,0.10293695240979972,0.08452242905180436,0.33132130621591055,0.039334866001593805,0.3563422763355818,0.10586479911398479,0.3347486988656918,0.3259232335894725,0.20255422263323808,0.27161747347561294,0.1336800319617083,0.29174125051715044,0.09041887457923817
75,0.08748712631198521,0.10022606570151046,0.08207813786542162,0.33463406469720025,0.038718247352181774,0.36154071901995516,0.10372588568368867,0.3337113410403299,0.35314487043906906,0.2105483332467096,0.2522669981931115,0.13835394755416336,0.28242603985607295,0.08725329411904671
76,0.09014532874381855,0.10481857125107921,0.08864913234712724,0.3376443566159876,0.03926020209517235,0.35951185296211785,0.11571473808480807,0.31726587450308286,0.14022398155461993,0.18240609019521206,0.26136415044097566,0.13044465349148007,0.2917173721065401,0.0963120565458321
77,0.09449758308507955,0.11411399739619921,0.09441183556015506,0.340621388727817,0.04004441499441734,0.10506178470354267,0.1176024243284885,0.3011736610205795,0.1690924474585409,0.12694854682432244,0.3264525017581327,0.12886992423108115,0.33950146358062555,0.10101644800081334
78,0.09165047246557509,0.11179803491537453,0.09287911232441212,0.33249522475747,0.039573745645938276,0.09116220171899062,0.11722533215101888,0.33335516465001197,0.15939426819093377,0.18176765609214593,0.3126261954693156,0.11166070552910942,0.31125394614245167,0.09982962553601542
79,0.09655692825683436,0.11328241415703588,0.09716878773080159,0.22652958402511666,0.04017570797377757,0.09797999022815942,0.11869772492505462,0.33794414594597577,0.17117090280978156,0.17163684769454118,0.3341365532085552,0.10990489676747651,0.3435248734920283,0.102771263362174
80,0.09577080803973775,0.11133232695970002,0.09633900633638888,0.24183156624371874,0.0400605778449164,0.09501636387211786,0.11940484703092857,0.33581218791361533,0.16146794650469457,0.16577653181131616,0.32663752821187214,0.10524308536981325,0.3328348832853079,0.10378965560199177
81,0.09487528116626173,0.1109940054255557,0.09594741636668958,0.2325148240442796,0.039787800621101065,0.09292210493380716,0.11837645512386885,0.3753567221607066,0.15875071714981834,0.16952433649093002,0.32166546941816415,0.10406292772822091,0.3289319311345258,0.1028399418978327
82,0.09284848806683993,0.10828427048398505,0.09553064851976817,0.2384304117513289,0.0391533790929186,0.08872001712426407,0.12300684602730526,0.39075526103466957,0.14034434685244843,0.1851550038609255,0.3133831157744288,0.09226359786428974,0.34596656824339567,0.10584287742287586
83,0.09226051407913687,0.10802051761397503,0.09513667755598339,0.23300439055637112,0.03893049424710085,0.08783791058622445,0.12191875470571642,0.3939761324065894,0.1382102035942935,0.18193639276291124,0.31082967368056647,0.09124662518514692,0.34675309129174947,0.10569634982496617
84,0.09240568135268405,0.10658150749698879,0.09473040520354714,0.21721151436617062,0.03856070551841519,0.08574997228829298,0.123311025297491,0.3660502610423854,0.1307107008783627,0.20031944133438123,0.3132665479647865,0.086238111504662,0.33592618321063994,0.1062552496507961
85,0.09296465548244949,0.10479306345836542,0.09296694751629495,0.17847918717492914,0.03840265184247625,0.08456863723292296,0.1334091478603059,0.3138789800576486,0.11720240570564883,0.18881496400198813,0.3073116115945878,0.07976710171600192,0.32056730420755264,0.10911894137239674
86,0.09295407283130573,0.10449802606430196,0.09248256274869754,0.17539016704338897,0.038232942284930925,0.08409925636371089,0.13688411876285506,0.30672196845641225,0.11565391236688606,0.1900876006476498,0.3039119745330083,0.07890087491580394,0.31939230307491273,0.10981322410274497
87,0.0931378204994324,0.1040153564356636,0.09243422269978936,0.1691557328749721,0.03809267637312677,0.08396502971352322,0.13449938917024787,0.30393567337407296,0.11407363586393825,0.18832100003817426,0.32428400656724066,0.07753700730461593,0.3159954377349985,0.10969573184434447
88,0.09909173649878342,0.10202572795925148,0.09356471926677735,0.14735090626430133,0.03697494291210146,0.0842809971168805,0.14262440183079414,0.2871825486587941,0.10715197259798774,0.20749041228627774,0.30530688645363224,0.07305473414527691,0.3078807588058463,0.11334429876466559
89,0.09981698273292429,0.10171484906521078,0.09336716655598583,0.14452647646376332,0.03660371221605731,0.08388992942765089,0.14090542504344947,0.2821489119233779,0.1062324250911687,0.21076223126070617,0.30069350735621975,0.07244397084663227,0.30614375079025014,0.11231832847686068
90,0.10359962279056145,0.10318049451580447,0.09319153901021414,0.15478873473141333,0.03749128767527275,0.08376559860422911,0.13092111247453583,0.3001234550893523,0.10921324511548479,0.1932442988328723,0.31104977964819547,0.07564652381648672,0.3138844877156543,0.10999109182271495
91,0.0992480503352472,0.10304671162128949,0.09346742140550471,0.15820479158359774,0.037867819390450225,0.08431359168857376,0.13350468323009343,0.3094899021847731,0.11076381389213787,0.20221280707321437,0.3204943185057241,0.07597676315684244,0.31324441980827455,0.11144550331482617
92,0.0988880423439257,0.10342752336180701,0.09292816376957928,0.162655752679788,0.036624333937002714,0.08502166741271522,0.1326779267641643,0.29442815769678715,0.11248878938484717,0.1806816498161384,0.31890708957496294,0.07759859773223457,0.31677618195893675,0.107844783010683
93,0.09711364099745312,0.10316499321732282,0.09394359162772707,0.15503499424796421,0.03681688301451232,0.09034618588715891,0.13319175926255483,0.29483758865730947,0.11158788102898701,0.12579289193135898,0.31043131745536223,0.07477285054035912,0.3167613011634311,0.1262951066944279
94,0.09420364461200202,0.10070986905296599,0.09397364289644577,0.15299258306957086,0.036539619750194666,0.09783160598739168,0.1353981283506618,0.31245674476092805,0.10698784803582888,0.11434321302776324,0.2968504605924537,0.07443354396298815,0.32031814508224393,0.12270732339524507
95,0.09736471588471865,0.10482375449628775,0.09231738964014782,0.16408097498769833,0.03609361584210034,0.08627720847403056,0.1388655839254421,0.30496062892420506,0.11271092187596066,0.16411957599297494,0.306655241869146,0.07557800941804285,0.3516110737991083,0.12090972452079071
96,0.0996626759739643,0.10390451862018715,0.09611033220990783,0.16236550010309758,0.03735152173164033,0.09090364624205707,0.13812368237488667,0.30134730306033,0.1126585939164913,0.1356733390933031,0.3293404156885528,0.07425129405029976,0.36772412439435326,0.13036381855628312
97,0.09968725910679757,0.10496444068600165,0.09898075195397277,0.15209863997215783,0.03749599229870405,0.09274128719640658,0.13791003342252353,0.30377583831387717,0.11152150642341248,0.11726680041509938,0.3285395085526416,0.07115807888798359,0.4181826483082715,0.14017397491115663
98,0.09871325046278187,0.10633718552765459,0.10002401528524901,0.14609855931733776,0.037572541221966724,0.0932205823181843,0.1360339368457143,0.2906914641067259,0.11044831804471147,0.10549885445766467,0.3269691820159121,0.0688833504336115,0.4529374816301426,0.14289281367566284
99,0.09788161199843129,0.10862129475860818,0.10092855052381304,0.1426682154051271,0.03783139795332706,0.0931126035048099,0.13462431547312878,0.26631792113129465,0.10846730493710607,0.09786492799410806,0.3286178062818471,0.06616919956378627,0.48616749625553063,0.1476509003305358
100,0.09734927895311628,0.11077962833805206,0.10092025344000949,0.14151764901318142,0.03774526365777874,0.09234565627926374,0.13416530541193036,0.25837780047711123,0.10828661995279817,0.09451802074038557,0.32940370130283686,0.06473877683948084,0.5113474557843497,0.15337184305907298
101,0.09622408561967452,0.10977016783264604,0.10174473982209935,0.13940048670672311,0.03765003059094069,0.091682128193586,0.1332202415378173,0.25304473428214863,0.10816159541321083,0.09278822139419554,0.3277302641048815,0.06407894478383289,0.5350751107852398,0.1543011552218925
102,0.09801135886753022,0.10471051338735908,0.09672720786804344,0.16332897767549132,0.037393272249196675,0.09534442702829013,0.10298938022296467,0.2569025904116613,0.10879511258701707,0.1801906057449344,0.31344523576269434,0.07466997218465025,0.5510610835377949,0.11234703384631271
103,0.09775013304718827,0.1047331595152064,0.09670642801152249,0.16271479033331424,0.03723880958405602,0.09511548265666338,0.10148779555157582,0.25677608637434984,0.10886165833463446,0.18160978980397732,0.3129796009409942,0.07466193309980614,0.5550789547630912,0.111662680512333
104,0.09764398995548915,0.10491580033196155,0.09607970159978242,0.16333438138887782,0.03761126719043582,0.09515164325269174,0.09852336746435825,0.2467600514443163,0.10909617836852561,0.18658254614047895,0.321200439193449,0.07419825775279033,0.5432484244031089,0.10963941097498164
105,0.10247872792990538,0.1063811302092592,0.0980543836936814,0.16334073891137235,0.03838007689134472,0.09643512142158574,0.11842442244900495,0.2820238419930622,0.11067728980907864,0.1650668336872614,0.33699123610755083,0.07200090042749341,0.539386088056635,0.1186395501659142
106,0.10190056602897445,0.10630648069302626,0.09785744841213587,0.162475550484129,0.03851238475157541,0.0966747303319188,0.11756429503240663,0.2781637027661267,0.11052188218291792,0.15654144168560724,0.3360484542860869,0.0719602722009899,0.5360752102258185,0.11934170067322107
107,0.10285736313395857,0.10977430399845581,0.0978211587413281,0.16338670659859658,0.038549602607737876,0.09705585235938041,0.11533536612053874,0.27754100925226344,0.11179999953456818,0.15351552696546159,0.3416659199225676,0.07119380886612837,0.5266809162448649,0.11856099941180563
108,0.10323315263229521,0.10987551676103591,0.09708019240590691,0.16840475394727183,0.038526018149643126,0.09659689138960328,0.11041646219625798,0.26215411841318165,0.1115396118823702,0.15682610439475667,0.3739061351344899,0.07028891329831738,0.5064523957215474,0.11601347256583816
109,0.10306582008040657,0.10940779931925002,0.09723388194774113,0.16823289511755007,0.03851855236772602,0.09681703546105669,0.1088292939748161,0.2629712422938947,0.11161806113520689,0.1565487659458263,0.37137873884414574,0.07054962124924677,0.5068957909706804,0.1154013253949633
110,0.10394189196059468,0.10899201991925715,0.09659825438190689,0.1736506275866237,0.037967495242719994,0.09721082230818609,0.10484591929082872,0.26943355554991516,0.11218807385844067,0.17700233576186117,0.3776126770028898,0.07111334862066854,0.49891703955578837,0.10896957021092922
111,0.11047310795484072,0.10789216846951341,0.096159227717936,0.19023987985643298,0.03855066129622359,0.1055382958650255,0.10952806118555258,0.275358344833647,0.10691676577745368,0.21936693894411577,0.3717212267073343,0.07240839139998291,0.472025921695157,0.10421353300734268
112,0.11132701023498147,0.10801181063333722,0.09790484442062915,0.16178450893362947,0.039879535765208175,0.10776573704521324,0.12094450630730091,0.34525114993126943,0.11916693337595702,0.08441099994260105,0.3736510245431724,0.06909198587255942,0.5070733273926722,0.12555989554947583
113,0.10859646293082831,0.10808053425882508,0.09821031868059701,0.16995791271334862,0.0397304572493214,0.1045160075390384,0.11703256649761484,0.2387939838361398,0.11815569571171855,0.08964038714048127,0.3726512970883914,0.06890554095033652,0.492931760976965,0.1272451089017316
114,0.11199143638934918,0.10858923800420735,0.0982150440250786,0.16967583149236476,0.03958054471776833,0.10518651904275854,0.11456960958864112,0.23757580424613514,0.12250505978007589,0.08854333147476266,0.38126184393173135,0.06897888098576807,0.4970510812934856,0.12495424914953751
115,0.11160522012858451,0.10812934709766041,0.09836379188889026,0.17302353032367623,0.03962937924846852,0.1089075024473752,0.11451643548478475,0.23481466118492825,0.12147495716004761,0.08659642930323924,0.38101589147784437,0.06866324626577412,0.49422410857453986,0.1287313985720072
116,0.11199820678070756,0.10807643719173933,0.09836330855296858,0.173184178776963,0.03971586757651698,0.10926198828078912,0.11440404462150638,0.2344752313932542,0.12154392616551343,0.08642643780606143,0.3821965100641346,0.06860969159460656,0.4953301685028385,0.12858061628348783
117,0.11341550575201208,0.10786007454226722,0.09863063006606491,0.17197878133528605,0.03958724950745065,0.11110506645355804,0.11619911559079171,0.23319637271529206,0.12227227432389878,0.08568225775915353,0.3981595523659905,0.06802282992499967,0.4968719095860838,0.1310523138462466
118,0.11437313658168613,0.11238196770416473,0.09354389812071323,0.17512203934495196,0.039518750787229225,0.11156949357925566,0.12560717199988725,0.24378034752279404,0.12062460045679503,0.08805400999836324,0.3077665281841076,0.06990465239259297,0.5188887066849084,0.13240507844763355
119,0.1132304014324324,0.10058283384086586,0.09376081022868443,0.13456822747636232,0.04060288715427326,0.11787138483267665,0.11128089130096412,0.2946397387857923,0.12156928620709682,0.09007085325581345,0.2927910686890785,0.07176641315110714,0.5106817110378344,0.1377372751535331
120,0.12657598180558358,0.10265069556200226,0.09539752251024636,0.1435257328122183,0.042428610473213065,0.07405410472659607,0.14566952460895416,0.2134499215497403,0.12718554137252294,0.11451077264943758,0.32201820136897696,0.0649884429702264,0.5419616971915944,0.16504803132405846
121,0.12639319980162567,0.10215894323248745,0.09545982600090429,0.14291872383672777,0.04286001592366239,0.0739020922199076,0.14375900999845018,0.20747995852948603,0.12649541242596712,0.11171922199016593,0.31472350222898154,0.06349271719375521,0.538254081026976,0.19071009890392177
122,0.1282359030602683,0.10495063043954493,0.0958439659951088,0.14362296991036713,0.03521145385495385,0.07511286389735491,0.14631029946400595,0.23397600351325049,0.13070035167525862,0.12356912831907045,0.3463304929096361,0.06798693662633785,0.5058030399357765,0.15776508511565138
123,0.1276655489520996,0.10503950248657205,0.09577944623990522,0.14365875533087247,0.035427989155549656,0.07528747238994812,0.14688826290926604,0.23570295162765204,0.13058672933310075,0.12402960269601894,0.3461576919826527,0.0687722819108592,0.5107059357516276,0.14683616088716908
124,0.13529871564620247,0.10435830777620951,0.09682807258831132,0.15806957168195523,0.03516684801835186,0.07582355902414002,0.15089851050634695,0.2317957957141361,0.13095245483808127,0.1260353847278589,0.35727969579107904,0.06816281163604876,0.5194857275998631,0.1452865250924932
125,0.14937171038343958,0.10368068097250348,0.09664582037208141,0.16050173993600086,0.03495766707298329,0.07574303406150022,0.1597588111953363,0.22984623953341343,0.12994444063603916,0.12656716981487515,0.3547113841386854,0.0675856502602172,0.520523536016158,0.14290671630637564
126,0.16659252276870368,0.10343592126341561,0.09580592332006653,0.15641024487133381,0.0344414850768246,0.07565150719629653,0.17263422555536034,0.22548575525569942,0.13070168020096207,0.12458308394408384,0.35534770517881437,0.06630816863545495,0.5140717427362079,0.14341372568699207
127,0.16527518929705837,0.10310186198359056,0.09550453246363806,0.1573119465242976,0.03426159478050991,0.07564364511809006,0.18377046996242313,0.22337296020884417,0.1301888384874521,0.12465849897978502,0.3527395771545175,0.0663624207199807,0.514069952201974,0.14365911270549464
128,0.1486867797540036,0.10219636814459443,0.09485422929318066,0.1573634279781046,0.03443358018385439,0.0760978065168922,0.19298727226438217,0.22250536447431923,0.12913089777024941,0.12696718206272983,0.3437850900816152,0.06757752096873315,0.4591097615485748,0.14473252563987798
129,0.1819355552646056,0.09186941338985219,0.10033446330407418,0.17479170795654142,0.038607101884485455,0.07938923548640169,0.1569397989065018,0.2780216241378249,0.11305226236239398,0.12152317002775065,0.40211308762264025,0.0630189924844804,0.4335887814686693,0.18198525039838873
130,0.1812784292493034,0.09178381692620671,0.10021093054905986,0.17329338977437533,0.038540879716213755,0.07939237139713251,0.1570632495404596,0.2766028502628896,0.11315306892111433,0.12095289984652104,0.4044071788170299,0.06309991088262529,0.4344677303312561,0.18215423921194127
131,0.2270043412117802,0.0918924961438985,0.0989187312679392,0.17026345795683567,0.03883598702762243,0.07879302890809618,0.15222103167681966,0.28844096913112627,0.112836395186637,0.12155057891961646,0.4707266062407013,0.06113139462426557,0.4167886939980099,0.1841230368284681
132,0.2559847763121118,0.09173203245217054,0.09867170053089246,0.1690305706053547,0.03892809880484412,0.07854430279766754,0.15107740165631256,0.29272245369076383,0.11272372116624405,0.12065369098646914,0.47339983048600087,0.06022352343456049,0.41550435913570616,0.18695502010243253
133,0.26418999115959774,0.09426270926593122,0.10257008485343906,0.1631715740177625,0.03838285422347006,0.07977964031191528,0.1635779596609411,0.2698001120700133,0.11329040110137507,0.11954103778801713,0.28978068386865785,0.06172676949050523,0.4184049881319749,0.18933286012877698
134,0.26673968058475694,0.09439000444786316,0.10293927969632015,0.16071480404960742,0.038126927868334624,0.07929786267188423,0.163224702397506,0.28069793841644475,0.11302045472729108,0.11915814977221478,0.2904462632661634,0.061390752241959244,0.4185446495464086,0.19587093621641297
135,0.21459717631668612,0.09489630823293307,0.10102473677627816,0.1572271657298865,0.038305620351153834,0.07966755478400499,0.16306740559552244,0.2848674276647303,0.11416644947672941,0.12232197521847606,0.2867203702624473,0.06368713231288595,0.42252198032710864,0.17546224159511528
136,0.2154178044392264,0.09343114481561049,0.10120262402890692,0.1650472867427915,0.03847689870186779,0.08041822018038769,0.162908436370771,0.24270136673553566,0.11390508810560283,0.1200194124768238,0.2914090059927898,0.06407533611056215,0.4248762367436307,0.1715401016413627
137,0.2820459392703371,0.09848729449601484,0.10007660560313696,0.20378480749675165,0.04083441679929866,0.08211041672570624,0.09779682127145876,0.25706688117793947,0.12645689408751215,0.13759939523410003,0.3211638192061257,0.06217053715490956,0.4272134527201112,0.1698853309073639
138,0.28397208056118933,0.09804288552750201,0.09916796277728063,0.24072138996512576,0.041376930661052004,0.08188680370014363,0.09544210325248444,0.25253595368875165,0.12461727828554853,0.1388967373437788,0.31845368972965893,0.06181403864384557,0.4183954588320332,0.16651531702789785
139,0.2757217632543665,0.09713873100558247,0.09781342995435231,0.2893952423760761,0.0412468642013339,0.08167806829200557,0.09325210268488247,0.2464477358671883,0.12261264130072191,0.13824006024242705,0.31623488091502094,0.061374403437484765,0.40966905198695314,0.16559778082827548
140,0.2736045885806098,0.09698220406890878,0.09742559421775338,0.2998203896913207,0.041136839559366555,0.08153994644843789,0.09276269112987254,0.24575405802549397,0.12215708964491846,0.13841527125021238,0.31575722933378514,0.061271524380653974,0.40786149482588757,0.16522179135361806
141,0.2610290868365583,0.09624537075736447,0.09809909199279,0.3032129734085787,0.03928837709018131,0.08141205338347937,0.09495261298579763,0.24738546864208621,0.120743598277191,0.13312767634163702,0.31742220550712474,0.06117959266932043,0.41382448570588537,0.1716592380445157
142,0.2604187602998161,0.0960938315887813,0.09811496981571241,0.31138499435331046,0.03927848035140021,0.08066787238325142,0.09467795505893317,0.24753719893588239,0.12079326637781013,0.14724296064676481,0.317543535191687,0.06106535022599405,0.4122914816110784,0.1672815957444432
143,0.24609415559798875,0.09612512491619211,0.09800901106352963,0.309074385682459,0.03909573754637905,0.08077610259865574,0.09447492921448336,0.24563635190930988,0.12080553084408972,0.14598691207020034,0.31572265483586737,0.06172262374800733,0.4139971659723541,0.16874062844840435
144,0.2475562859612092,0.09582597531506151,0.09792116145686186,0.3125217049749585,0.03914972046592562,0.08069073455082962,0.09410993881293753,0.24577759041320663,0.12059149838934521,0.14533121734247578,0.31567938010168406,0.061589161792951694,0.41253080136102843,0.16819846697368968
145,0.2506949019595528,0.09612563148789131,0.09784172594270403,0.3078375778152879,0.039204930660571395,0.07998518284561458,0.09388357516503322,0.24593018832127456,0.12093672087638814,0.16384575892244277,0.31572768982279914,0.06157439303289906,0.41129310468385577,0.16413242050081767
146,0.25186117337792985,0.09574058924079912,0.09683939405434676,0.3105808797402419,0.03910360353221373,0.08032581782791497,0.09367062537995119,0.2429943969630462,0.11845610784967157,0.14991084707815544,0.31406349908657816,0.06129767510727156,0.4087138355504353,0.16840500178526335
147,0.28127221465886115,0.09736612013115392,0.09845554593851957,0.3213091255914247,0.03758832148412681,0.08065943636258995,0.0962176884067856,0.2308199111743577,0.11650735756068036,0.16073924701695047,0.3284219920114955,0.059030670480578036,0.39971383035197755,0.1784194272944028
148,0.2961878269829596,0.0916788404218687,0.09932818521364963,0.3331010076795628,0.037705222304810514,0.08004683286745629,0.09753503197299417,0.24384831198314186,0.11656575424904417,0.16843379464869265,0.33744107300208626,0.05976236810503458,0.41474321366145356,0.16807093276007068
149,0.22249881963132095,0.09165303282227545,0.10034893695217344,0.3291868758061428,0.037455957978918174,0.0812499264918749,0.09794822001647922,0.23593556519291567,0.11714516496128471,0.15400013336136753,0.3241345286085145,0.06300393964084712,0.41869384619592015,0.16604139189175093
